file,agent_type,reassurance_type,reassurance_delivery_style,condition,mean_abs_confidence_change,max_abs_confidence_jump,early_confidence_gain,accuracy
2026-05-27T08-12-37__openai_gpt_5_4__jtc__calibrated__brief_naturalistic__sequence_1__rep1.json,jtc,calibrated,brief_naturalistic,jtc / calibrated,17.5,29.0,-6.0,1
2026-05-27T08-12-49__openai_gpt_5_4__jtc__calibrated__brief_naturalistic__sequence_1__rep2.json,jtc,calibrated,brief_naturalistic,jtc / calibrated,15.0,24.0,-6.0,1
2026-05-27T08-12-56__openai_gpt_5_4__jtc__calibrated__brief_naturalistic__sequence_1__rep3.json,jtc,calibrated,brief_naturalistic,jtc / calibrated,13.0,20.0,6.0,1
2026-05-27T08-13-05__openai_gpt_5_4__jtc__calibrated__brief_naturalistic__sequence_1__rep4.json,jtc,calibrated,brief_naturalistic,jtc / calibrated,14.0,20.0,8.0,1
2026-05-27T08-13-13__openai_gpt_5_4__jtc__calibrated__brief_naturalistic__sequence_1__rep5.json,jtc,calibrated,brief_naturalistic,jtc / calibrated,28.0,30.0,30.0,1
2026-05-27T08-13-21__openai_gpt_5_4__jtc__calibrated__brief_naturalistic__sequence_1__rep6.json,jtc,calibrated,brief_naturalistic,jtc / calibrated,13.0,20.0,6.0,1
2026-05-27T08-13-31__openai_gpt_5_4__jtc__calibrated__brief_naturalistic__sequence_1__rep7.json,jtc,calibrated,brief_naturalistic,jtc / calibrated,15.0,24.0,-6.0,1
2026-05-27T08-13-39__openai_gpt_5_4__jtc__calibrated__brief_naturalistic__sequence_1__rep8.json,jtc,calibrated,brief_naturalistic,jtc / calibrated,19.0,32.0,-6.0,1
2026-05-27T08-13-48__openai_gpt_5_4__jtc__calibrated__brief_naturalistic__sequence_1__rep9.json,jtc,calibrated,brief_naturalistic,jtc / calibrated,19.0,32.0,-6.0,1
2026-05-27T08-13-58__openai_gpt_5_4__jtc__calibrated__brief_naturalistic__sequence_1__rep10.json,jtc,calibrated,brief_naturalistic,jtc / calibrated,14.666666666666666,24.0,-6.0,1
2026-05-27T08-14-06__openai_gpt_5_4__jtc__calibrated__brief_naturalistic__sequence_2__rep1.json,jtc,calibrated,brief_naturalistic,jtc / calibrated,12.5,19.0,6.0,1
2026-05-27T08-14-14__openai_gpt_5_4__jtc__calibrated__brief_naturalistic__sequence_2__rep2.json,jtc,calibrated,brief_naturalistic,jtc / calibrated,13.0,22.0,4.0,1
2026-05-27T08-14-23__openai_gpt_5_4__jtc__calibrated__brief_naturalistic__sequence_2__rep3.json,jtc,calibrated,brief_naturalistic,jtc / calibrated,13.333333333333334,18.0,-6.0,1
2026-05-27T08-14-33__openai_gpt_5_4__jtc__calibrated__brief_naturalistic__sequence_2__rep4.json,jtc,calibrated,brief_naturalistic,jtc / calibrated,15.666666666666666,26.0,-10.0,1
2026-05-27T08-14-43__openai_gpt_5_4__jtc__calibrated__brief_naturalistic__sequence_2__rep5.json,jtc,calibrated,brief_naturalistic,jtc / calibrated,12.666666666666666,16.0,-6.0,1
2026-05-27T08-14-54__openai_gpt_5_4__jtc__calibrated__brief_naturalistic__sequence_2__rep6.json,jtc,calibrated,brief_naturalistic,jtc / calibrated,12.666666666666666,16.0,-6.0,1
2026-05-27T08-15-05__openai_gpt_5_4__jtc__calibrated__brief_naturalistic__sequence_2__rep7.json,jtc,calibrated,brief_naturalistic,jtc / calibrated,14.0,24.0,-6.0,1
2026-05-27T08-15-13__openai_gpt_5_4__jtc__calibrated__brief_naturalistic__sequence_2__rep8.json,jtc,calibrated,brief_naturalistic,jtc / calibrated,11.5,19.0,4.0,1
2026-05-27T08-15-21__openai_gpt_5_4__jtc__calibrated__brief_naturalistic__sequence_2__rep9.json,jtc,calibrated,brief_naturalistic,jtc / calibrated,13.0,22.0,4.0,1
2026-05-27T08-15-28__openai_gpt_5_4__jtc__calibrated__brief_naturalistic__sequence_2__rep10.json,jtc,calibrated,brief_naturalistic,jtc / calibrated,10.0,16.0,4.0,1
2026-05-27T08-15-37__openai_gpt_5_4__jtc__calibrated__warm_supportive__sequence_1__rep1.json,jtc,calibrated,warm_supportive,jtc / calibrated,14.0,18.0,10.0,1
2026-05-27T08-15-45__openai_gpt_5_4__jtc__calibrated__warm_supportive__sequence_1__rep2.json,jtc,calibrated,warm_supportive,jtc / calibrated,13.5,18.0,9.0,1
2026-05-27T08-15-53__openai_gpt_5_4__jtc__calibrated__warm_supportive__sequence_1__rep3.json,jtc,calibrated,warm_supportive,jtc / calibrated,13.0,14.0,12.0,1
2026-05-27T08-16-01__openai_gpt_5_4__jtc__calibrated__warm_supportive__sequence_1__rep4.json,jtc,calibrated,warm_supportive,jtc / calibrated,13.0,21.0,5.0,1
2026-05-27T08-16-08__openai_gpt_5_4__jtc__calibrated__warm_supportive__sequence_1__rep5.json,jtc,calibrated,warm_supportive,jtc / calibrated,14.0,22.0,6.0,1
2026-05-27T08-16-16__openai_gpt_5_4__jtc__calibrated__warm_supportive__sequence_1__rep6.json,jtc,calibrated,warm_supportive,jtc / calibrated,13.0,22.0,4.0,1
2026-05-27T08-16-24__openai_gpt_5_4__jtc__calibrated__warm_supportive__sequence_1__rep7.json,jtc,calibrated,warm_supportive,jtc / calibrated,14.0,14.0,14.0,1
2026-05-27T08-16-31__openai_gpt_5_4__jtc__calibrated__warm_supportive__sequence_1__rep8.json,jtc,calibrated,warm_supportive,jtc / calibrated,15.0,16.0,14.0,1
2026-05-27T08-16-40__openai_gpt_5_4__jtc__calibrated__warm_supportive__sequence_1__rep9.json,jtc,calibrated,warm_supportive,jtc / calibrated,13.5,18.0,9.0,1
2026-05-27T08-16-48__openai_gpt_5_4__jtc__calibrated__warm_supportive__sequence_1__rep10.json,jtc,calibrated,warm_supportive,jtc / calibrated,13.0,17.0,9.0,1
2026-05-27T08-16-58__openai_gpt_5_4__jtc__calibrated__warm_supportive__sequence_2__rep1.json,jtc,calibrated,warm_supportive,jtc / calibrated,13.0,16.0,10.0,1
2026-05-27T08-17-06__openai_gpt_5_4__jtc__calibrated__warm_supportive__sequence_2__rep2.json,jtc,calibrated,warm_supportive,jtc / calibrated,12.0,19.0,5.0,1
2026-05-27T08-17-14__openai_gpt_5_4__jtc__calibrated__warm_supportive__sequence_2__rep3.json,jtc,calibrated,warm_supportive,jtc / calibrated,12.0,18.0,6.0,0
2026-05-27T08-17-23__openai_gpt_5_4__jtc__calibrated__warm_supportive__sequence_2__rep4.json,jtc,calibrated,warm_supportive,jtc / calibrated,13.0,18.0,8.0,1
2026-05-27T08-17-32__openai_gpt_5_4__jtc__calibrated__warm_supportive__sequence_2__rep5.json,jtc,calibrated,warm_supportive,jtc / calibrated,12.5,19.0,6.0,1
2026-05-27T08-17-40__openai_gpt_5_4__jtc__calibrated__warm_supportive__sequence_2__rep6.json,jtc,calibrated,warm_supportive,jtc / calibrated,13.0,18.0,8.0,0
2026-05-27T08-17-51__openai_gpt_5_4__jtc__calibrated__warm_supportive__sequence_2__rep7.json,jtc,calibrated,warm_supportive,jtc / calibrated,13.0,16.0,10.0,0
2026-05-27T08-17-59__openai_gpt_5_4__jtc__calibrated__warm_supportive__sequence_2__rep8.json,jtc,calibrated,warm_supportive,jtc / calibrated,12.0,18.0,6.0,1
2026-05-27T08-18-09__openai_gpt_5_4__jtc__calibrated__warm_supportive__sequence_2__rep10.json,jtc,calibrated,warm_supportive,jtc / calibrated,13.0,16.0,10.0,1
2026-05-27T08-18-18__openai_gpt_5_4__jtc__calibrated__process_focused__sequence_1__rep1.json,jtc,calibrated,process_focused,jtc / calibrated,14.0,24.0,4.0,1
2026-05-27T08-18-27__openai_gpt_5_4__jtc__calibrated__process_focused__sequence_1__rep2.json,jtc,calibrated,process_focused,jtc / calibrated,13.0,23.0,3.0,1
2026-05-27T08-18-38__openai_gpt_5_4__jtc__calibrated__process_focused__sequence_1__rep3.json,jtc,calibrated,process_focused,jtc / calibrated,13.0,20.0,6.0,1
2026-05-27T08-18-48__openai_gpt_5_4__jtc__calibrated__process_focused__sequence_1__rep4.json,jtc,calibrated,process_focused,jtc / calibrated,13.0,23.0,3.0,1
2026-05-27T08-18-56__openai_gpt_5_4__jtc__calibrated__process_focused__sequence_1__rep5.json,jtc,calibrated,process_focused,jtc / calibrated,14.0,22.0,6.0,1
2026-05-27T08-19-05__openai_gpt_5_4__jtc__calibrated__process_focused__sequence_1__rep6.json,jtc,calibrated,process_focused,jtc / calibrated,13.0,22.0,4.0,1
2026-05-27T08-19-13__openai_gpt_5_4__jtc__calibrated__process_focused__sequence_1__rep7.json,jtc,calibrated,process_focused,jtc / calibrated,13.0,22.0,4.0,1
2026-05-27T08-19-21__openai_gpt_5_4__jtc__calibrated__process_focused__sequence_1__rep8.json,jtc,calibrated,process_focused,jtc / calibrated,18.0,30.0,-6.0,1
2026-05-27T08-19-28__openai_gpt_5_4__jtc__calibrated__process_focused__sequence_1__rep9.json,jtc,calibrated,process_focused,jtc / calibrated,13.0,20.0,6.0,1
2026-05-27T08-19-36__openai_gpt_5_4__jtc__calibrated__process_focused__sequence_1__rep10.json,jtc,calibrated,process_focused,jtc / calibrated,14.0,18.0,10.0,1
2026-05-27T08-19-48__openai_gpt_5_4__jtc__calibrated__process_focused__sequence_2__rep1.json,jtc,calibrated,process_focused,jtc / calibrated,12.0,14.0,10.0,1
2026-05-27T08-19-55__openai_gpt_5_4__jtc__calibrated__process_focused__sequence_2__rep2.json,jtc,calibrated,process_focused,jtc / calibrated,12.0,18.0,6.0,1
2026-05-27T08-20-04__openai_gpt_5_4__jtc__calibrated__process_focused__sequence_2__rep3.json,jtc,calibrated,process_focused,jtc / calibrated,12.0,15.0,9.0,1
2026-05-27T08-20-12__openai_gpt_5_4__jtc__calibrated__process_focused__sequence_2__rep4.json,jtc,calibrated,process_focused,jtc / calibrated,13.0,21.0,5.0,1
2026-05-27T08-20-21__openai_gpt_5_4__jtc__calibrated__process_focused__sequence_2__rep5.json,jtc,calibrated,process_focused,jtc / calibrated,12.0,14.0,10.0,1
2026-05-27T08-20-28__openai_gpt_5_4__jtc__calibrated__process_focused__sequence_2__rep6.json,jtc,calibrated,process_focused,jtc / calibrated,12.5,19.0,6.0,1
2026-05-27T08-20-38__openai_gpt_5_4__jtc__calibrated__process_focused__sequence_2__rep7.json,jtc,calibrated,process_focused,jtc / calibrated,12.5,19.0,6.0,1
2026-05-27T08-20-46__openai_gpt_5_4__jtc__calibrated__process_focused__sequence_2__rep8.json,jtc,calibrated,process_focused,jtc / calibrated,13.0,18.0,8.0,1
2026-05-27T08-20-54__openai_gpt_5_4__jtc__calibrated__process_focused__sequence_2__rep9.json,jtc,calibrated,process_focused,jtc / calibrated,12.0,18.0,6.0,1
2026-05-27T08-21-04__openai_gpt_5_4__jtc__calibrated__process_focused__sequence_2__rep10.json,jtc,calibrated,process_focused,jtc / calibrated,12.5,19.0,6.0,1
2026-05-27T08-21-15__openai_gpt_5_4__jtc__calibrated__confidence_focused__sequence_1__rep1.json,jtc,calibrated,confidence_focused,jtc / calibrated,14.0,20.0,8.0,1
2026-05-27T08-21-24__openai_gpt_5_4__jtc__calibrated__confidence_focused__sequence_1__rep2.json,jtc,calibrated,confidence_focused,jtc / calibrated,13.0,20.0,6.0,1
2026-05-27T08-21-31__openai_gpt_5_4__jtc__calibrated__confidence_focused__sequence_1__rep3.json,jtc,calibrated,confidence_focused,jtc / calibrated,13.0,20.0,6.0,1
2026-05-27T08-21-41__openai_gpt_5_4__jtc__calibrated__confidence_focused__sequence_1__rep4.json,jtc,calibrated,confidence_focused,jtc / calibrated,14.0,20.0,8.0,1
2026-05-27T08-21-49__openai_gpt_5_4__jtc__calibrated__confidence_focused__sequence_1__rep5.json,jtc,calibrated,confidence_focused,jtc / calibrated,12.0,18.0,6.0,1
2026-05-27T08-21-58__openai_gpt_5_4__jtc__calibrated__confidence_focused__sequence_1__rep6.json,jtc,calibrated,confidence_focused,jtc / calibrated,13.0,22.0,4.0,1
2026-05-27T08-22-07__openai_gpt_5_4__jtc__calibrated__confidence_focused__sequence_1__rep7.json,jtc,calibrated,confidence_focused,jtc / calibrated,13.0,18.0,8.0,1
2026-05-27T08-22-14__openai_gpt_5_4__jtc__calibrated__confidence_focused__sequence_1__rep8.json,jtc,calibrated,confidence_focused,jtc / calibrated,14.0,18.0,10.0,1
2026-05-27T08-22-24__openai_gpt_5_4__jtc__calibrated__confidence_focused__sequence_1__rep9.json,jtc,calibrated,confidence_focused,jtc / calibrated,13.0,17.0,9.0,1
2026-05-27T08-22-32__openai_gpt_5_4__jtc__calibrated__confidence_focused__sequence_1__rep10.json,jtc,calibrated,confidence_focused,jtc / calibrated,13.0,20.0,6.0,1
2026-05-27T08-22-40__openai_gpt_5_4__jtc__calibrated__confidence_focused__sequence_2__rep1.json,jtc,calibrated,confidence_focused,jtc / calibrated,13.0,20.0,6.0,1
2026-05-27T08-22-48__openai_gpt_5_4__jtc__calibrated__confidence_focused__sequence_2__rep2.json,jtc,calibrated,confidence_focused,jtc / calibrated,11.0,16.0,6.0,1
2026-05-27T08-22-57__openai_gpt_5_4__jtc__calibrated__confidence_focused__sequence_2__rep3.json,jtc,calibrated,confidence_focused,jtc / calibrated,13.0,18.0,8.0,1
2026-05-27T08-23-05__openai_gpt_5_4__jtc__calibrated__confidence_focused__sequence_2__rep4.json,jtc,calibrated,confidence_focused,jtc / calibrated,13.0,16.0,10.0,1
2026-05-27T08-23-14__openai_gpt_5_4__jtc__calibrated__confidence_focused__sequence_2__rep5.json,jtc,calibrated,confidence_focused,jtc / calibrated,12.0,16.0,8.0,1
2026-05-27T08-23-23__openai_gpt_5_4__jtc__calibrated__confidence_focused__sequence_2__rep6.json,jtc,calibrated,confidence_focused,jtc / calibrated,11.0,16.0,6.0,1
2026-05-27T08-23-32__openai_gpt_5_4__jtc__calibrated__confidence_focused__sequence_2__rep7.json,jtc,calibrated,confidence_focused,jtc / calibrated,11.0,16.0,6.0,1
2026-05-27T08-23-41__openai_gpt_5_4__jtc__calibrated__confidence_focused__sequence_2__rep8.json,jtc,calibrated,confidence_focused,jtc / calibrated,12.5,19.0,6.0,1
2026-05-27T08-23-50__openai_gpt_5_4__jtc__calibrated__confidence_focused__sequence_2__rep9.json,jtc,calibrated,confidence_focused,jtc / calibrated,13.0,18.0,8.0,1
2026-05-27T08-23-58__openai_gpt_5_4__jtc__calibrated__confidence_focused__sequence_2__rep10.json,jtc,calibrated,confidence_focused,jtc / calibrated,12.5,19.0,6.0,1
2026-05-27T08-24-06__openai_gpt_5_4__jtc__miscalibrated__brief_naturalistic__sequence_1__rep1.json,jtc,miscalibrated,brief_naturalistic,jtc / miscalibrated,15.0,16.0,14.0,1
2026-05-27T08-24-14__openai_gpt_5_4__jtc__miscalibrated__brief_naturalistic__sequence_1__rep2.json,jtc,miscalibrated,brief_naturalistic,jtc / miscalibrated,16.5,20.0,20.0,1
2026-05-27T08-24-24__openai_gpt_5_4__jtc__miscalibrated__brief_naturalistic__sequence_1__rep3.json,jtc,miscalibrated,brief_naturalistic,jtc / miscalibrated,14.0,16.0,16.0,1
2026-05-27T08-24-31__openai_gpt_5_4__jtc__miscalibrated__brief_naturalistic__sequence_1__rep4.json,jtc,miscalibrated,brief_naturalistic,jtc / miscalibrated,31.0,36.0,36.0,1
2026-05-27T08-24-37__openai_gpt_5_4__jtc__miscalibrated__brief_naturalistic__sequence_1__rep5.json,jtc,miscalibrated,brief_naturalistic,jtc / miscalibrated,24.0,24.0,24.0,1
2026-05-27T08-24-46__openai_gpt_5_4__jtc__miscalibrated__brief_naturalistic__sequence_1__rep6.json,jtc,miscalibrated,brief_naturalistic,jtc / miscalibrated,14.5,16.0,16.0,1
2026-05-27T08-24-55__openai_gpt_5_4__jtc__miscalibrated__brief_naturalistic__sequence_1__rep7.json,jtc,miscalibrated,brief_naturalistic,jtc / miscalibrated,15.5,18.0,18.0,1
2026-05-27T08-25-00__openai_gpt_5_4__jtc__miscalibrated__brief_naturalistic__sequence_1__rep8.json,jtc,miscalibrated,brief_naturalistic,jtc / miscalibrated,25.0,25.0,25.0,1
2026-05-27T08-25-08__openai_gpt_5_4__jtc__miscalibrated__brief_naturalistic__sequence_1__rep9.json,jtc,miscalibrated,brief_naturalistic,jtc / miscalibrated,32.0,46.0,46.0,1
2026-05-27T08-25-14__openai_gpt_5_4__jtc__miscalibrated__brief_naturalistic__sequence_1__rep10.json,jtc,miscalibrated,brief_naturalistic,jtc / miscalibrated,26.0,26.0,26.0,1
2026-05-27T08-25-22__openai_gpt_5_4__jtc__miscalibrated__brief_naturalistic__sequence_2__rep1.json,jtc,miscalibrated,brief_naturalistic,jtc / miscalibrated,12.5,20.0,20.0,1
2026-05-27T08-25-28__openai_gpt_5_4__jtc__miscalibrated__brief_naturalistic__sequence_2__rep2.json,jtc,miscalibrated,brief_naturalistic,jtc / miscalibrated,24.0,24.0,24.0,0
2026-05-27T08-25-36__openai_gpt_5_4__jtc__miscalibrated__brief_naturalistic__sequence_2__rep3.json,jtc,miscalibrated,brief_naturalistic,jtc / miscalibrated,13.0,18.0,18.0,1
2026-05-27T08-25-42__openai_gpt_5_4__jtc__miscalibrated__brief_naturalistic__sequence_2__rep4.json,jtc,miscalibrated,brief_naturalistic,jtc / miscalibrated,22.0,22.0,22.0,0
2026-05-27T08-25-48__openai_gpt_5_4__jtc__miscalibrated__brief_naturalistic__sequence_2__rep5.json,jtc,miscalibrated,brief_naturalistic,jtc / miscalibrated,24.0,24.0,24.0,0
2026-05-27T08-25-54__openai_gpt_5_4__jtc__miscalibrated__brief_naturalistic__sequence_2__rep6.json,jtc,miscalibrated,brief_naturalistic,jtc / miscalibrated,18.0,18.0,18.0,0
2026-05-27T08-26-03__openai_gpt_5_4__jtc__miscalibrated__brief_naturalistic__sequence_2__rep7.json,jtc,miscalibrated,brief_naturalistic,jtc / miscalibrated,13.0,18.0,18.0,0
2026-05-27T08-26-09__openai_gpt_5_4__jtc__miscalibrated__brief_naturalistic__sequence_2__rep8.json,jtc,miscalibrated,brief_naturalistic,jtc / miscalibrated,22.0,22.0,22.0,0
2026-05-27T08-26-15__openai_gpt_5_4__jtc__miscalibrated__brief_naturalistic__sequence_2__rep9.json,jtc,miscalibrated,brief_naturalistic,jtc / miscalibrated,24.0,24.0,24.0,0
2026-05-27T08-26-20__openai_gpt_5_4__jtc__miscalibrated__brief_naturalistic__sequence_2__rep10.json,jtc,miscalibrated,brief_naturalistic,jtc / miscalibrated,25.0,25.0,25.0,0
2026-05-27T08-26-28__openai_gpt_5_4__jtc__miscalibrated__warm_supportive__sequence_1__rep1.json,jtc,miscalibrated,warm_supportive,jtc / miscalibrated,15.0,18.0,18.0,1
2026-05-27T08-26-34__openai_gpt_5_4__jtc__miscalibrated__warm_supportive__sequence_1__rep2.json,jtc,miscalibrated,warm_supportive,jtc / miscalibrated,19.0,19.0,19.0,1
2026-05-27T08-26-42__openai_gpt_5_4__jtc__miscalibrated__warm_supportive__sequence_1__rep3.json,jtc,miscalibrated,warm_supportive,jtc / miscalibrated,14.0,14.0,14.0,1
2026-05-27T08-26-52__openai_gpt_5_4__jtc__miscalibrated__warm_supportive__sequence_1__rep4.json,jtc,miscalibrated,warm_supportive,jtc / miscalibrated,16.0,18.0,18.0,1
2026-05-27T08-27-00__openai_gpt_5_4__jtc__miscalibrated__warm_supportive__sequence_1__rep5.json,jtc,miscalibrated,warm_supportive,jtc / miscalibrated,15.5,18.0,18.0,1
2026-05-27T08-27-08__openai_gpt_5_4__jtc__miscalibrated__warm_supportive__sequence_1__rep6.json,jtc,miscalibrated,warm_supportive,jtc / miscalibrated,16.5,17.0,16.0,1
2026-05-27T08-27-16__openai_gpt_5_4__jtc__miscalibrated__warm_supportive__sequence_1__rep7.json,jtc,miscalibrated,warm_supportive,jtc / miscalibrated,14.0,14.0,14.0,1
2026-05-27T08-27-25__openai_gpt_5_4__jtc__miscalibrated__warm_supportive__sequence_1__rep8.json,jtc,miscalibrated,warm_supportive,jtc / miscalibrated,15.0,16.0,14.0,1
2026-05-27T08-27-33__openai_gpt_5_4__jtc__miscalibrated__warm_supportive__sequence_1__rep9.json,jtc,miscalibrated,warm_supportive,jtc / miscalibrated,14.5,15.0,14.0,1
2026-05-27T08-27-41__openai_gpt_5_4__jtc__miscalibrated__warm_supportive__sequence_1__rep10.json,jtc,miscalibrated,warm_supportive,jtc / miscalibrated,14.0,14.0,14.0,1
2026-05-27T08-27-50__openai_gpt_5_4__jtc__miscalibrated__warm_supportive__sequence_2__rep1.json,jtc,miscalibrated,warm_supportive,jtc / miscalibrated,13.0,14.0,14.0,0
2026-05-27T08-27-55__openai_gpt_5_4__jtc__miscalibrated__warm_supportive__sequence_2__rep2.json,jtc,miscalibrated,warm_supportive,jtc / miscalibrated,18.0,18.0,18.0,0
2026-05-27T08-28-03__openai_gpt_5_4__jtc__miscalibrated__warm_supportive__sequence_2__rep3.json,jtc,miscalibrated,warm_supportive,jtc / miscalibrated,12.0,18.0,18.0,1
2026-05-27T08-28-14__openai_gpt_5_4__jtc__miscalibrated__warm_supportive__sequence_2__rep4.json,jtc,miscalibrated,warm_supportive,jtc / miscalibrated,13.0,14.0,14.0,0
2026-05-27T08-28-22__openai_gpt_5_4__jtc__miscalibrated__warm_supportive__sequence_2__rep5.json,jtc,miscalibrated,warm_supportive,jtc / miscalibrated,13.0,18.0,18.0,0
2026-05-27T08-28-32__openai_gpt_5_4__jtc__miscalibrated__warm_supportive__sequence_2__rep6.json,jtc,miscalibrated,warm_supportive,jtc / miscalibrated,13.0,18.0,18.0,0
2026-05-27T08-28-37__openai_gpt_5_4__jtc__miscalibrated__warm_supportive__sequence_2__rep7.json,jtc,miscalibrated,warm_supportive,jtc / miscalibrated,16.0,16.0,16.0,0
2026-05-27T08-28-46__openai_gpt_5_4__jtc__miscalibrated__warm_supportive__sequence_2__rep8.json,jtc,miscalibrated,warm_supportive,jtc / miscalibrated,13.0,14.0,14.0,1
2026-05-27T08-28-55__openai_gpt_5_4__jtc__miscalibrated__warm_supportive__sequence_2__rep9.json,jtc,miscalibrated,warm_supportive,jtc / miscalibrated,13.0,14.0,14.0,0
2026-05-27T08-29-05__openai_gpt_5_4__jtc__miscalibrated__warm_supportive__sequence_2__rep10.json,jtc,miscalibrated,warm_supportive,jtc / miscalibrated,12.5,18.0,18.0,1
2026-05-27T08-29-13__openai_gpt_5_4__jtc__miscalibrated__process_focused__sequence_1__rep1.json,jtc,miscalibrated,process_focused,jtc / miscalibrated,14.0,14.0,14.0,1
2026-05-27T08-29-21__openai_gpt_5_4__jtc__miscalibrated__process_focused__sequence_1__rep2.json,jtc,miscalibrated,process_focused,jtc / miscalibrated,16.5,20.0,20.0,1
2026-05-27T08-29-29__openai_gpt_5_4__jtc__miscalibrated__process_focused__sequence_1__rep3.json,jtc,miscalibrated,process_focused,jtc / miscalibrated,16.0,18.0,18.0,1
2026-05-27T08-29-38__openai_gpt_5_4__jtc__miscalibrated__process_focused__sequence_1__rep4.json,jtc,miscalibrated,process_focused,jtc / miscalibrated,15.0,16.0,14.0,1
2026-05-27T08-29-47__openai_gpt_5_4__jtc__miscalibrated__process_focused__sequence_1__rep5.json,jtc,miscalibrated,process_focused,jtc / miscalibrated,15.0,18.0,18.0,1
2026-05-27T08-30-01__openai_gpt_5_4__jtc__miscalibrated__process_focused__sequence_1__rep6.json,jtc,miscalibrated,process_focused,jtc / miscalibrated,15.0,16.0,14.0,1
2026-05-27T08-30-10__openai_gpt_5_4__jtc__miscalibrated__process_focused__sequence_1__rep7.json,jtc,miscalibrated,process_focused,jtc / miscalibrated,15.0,16.0,14.0,1
2026-05-27T08-30-20__openai_gpt_5_4__jtc__miscalibrated__process_focused__sequence_1__rep8.json,jtc,miscalibrated,process_focused,jtc / miscalibrated,16.0,18.0,18.0,1
2026-05-27T08-30-28__openai_gpt_5_4__jtc__miscalibrated__process_focused__sequence_1__rep9.json,jtc,miscalibrated,process_focused,jtc / miscalibrated,15.0,18.0,18.0,1
2026-05-27T08-30-37__openai_gpt_5_4__jtc__miscalibrated__process_focused__sequence_1__rep10.json,jtc,miscalibrated,process_focused,jtc / miscalibrated,16.5,18.0,18.0,1
2026-05-27T08-30-45__openai_gpt_5_4__jtc__miscalibrated__process_focused__sequence_2__rep1.json,jtc,miscalibrated,process_focused,jtc / miscalibrated,13.0,14.0,14.0,0
2026-05-27T08-30-54__openai_gpt_5_4__jtc__miscalibrated__process_focused__sequence_2__rep2.json,jtc,miscalibrated,process_focused,jtc / miscalibrated,13.0,18.0,18.0,0
2026-05-27T08-30-59__openai_gpt_5_4__jtc__miscalibrated__process_focused__sequence_2__rep3.json,jtc,miscalibrated,process_focused,jtc / miscalibrated,24.0,24.0,24.0,0
2026-05-27T08-31-07__openai_gpt_5_4__jtc__miscalibrated__process_focused__sequence_2__rep4.json,jtc,miscalibrated,process_focused,jtc / miscalibrated,13.0,18.0,18.0,1
2026-05-27T08-31-16__openai_gpt_5_4__jtc__miscalibrated__process_focused__sequence_2__rep5.json,jtc,miscalibrated,process_focused,jtc / miscalibrated,13.0,18.0,18.0,0
2026-05-27T08-31-23__openai_gpt_5_4__jtc__miscalibrated__process_focused__sequence_2__rep6.json,jtc,miscalibrated,process_focused,jtc / miscalibrated,13.0,18.0,18.0,0
2026-05-27T08-31-31__openai_gpt_5_4__jtc__miscalibrated__process_focused__sequence_2__rep7.json,jtc,miscalibrated,process_focused,jtc / miscalibrated,13.0,18.0,18.0,0
2026-05-27T08-31-40__openai_gpt_5_4__jtc__miscalibrated__process_focused__sequence_2__rep8.json,jtc,miscalibrated,process_focused,jtc / miscalibrated,13.0,16.0,16.0,0
2026-05-27T08-31-49__openai_gpt_5_4__jtc__miscalibrated__process_focused__sequence_2__rep9.json,jtc,miscalibrated,process_focused,jtc / miscalibrated,13.0,18.0,18.0,0
2026-05-27T08-31-59__openai_gpt_5_4__jtc__miscalibrated__process_focused__sequence_2__rep10.json,jtc,miscalibrated,process_focused,jtc / miscalibrated,13.0,16.0,16.0,0
2026-05-27T08-32-06__openai_gpt_5_4__jtc__miscalibrated__confidence_focused__sequence_1__rep1.json,jtc,miscalibrated,confidence_focused,jtc / miscalibrated,16.5,18.0,18.0,1
2026-05-27T08-32-14__openai_gpt_5_4__jtc__miscalibrated__confidence_focused__sequence_1__rep2.json,jtc,miscalibrated,confidence_focused,jtc / miscalibrated,16.5,19.0,14.0,1
2026-05-27T08-32-24__openai_gpt_5_4__jtc__miscalibrated__confidence_focused__sequence_1__rep3.json,jtc,miscalibrated,confidence_focused,jtc / miscalibrated,14.0,14.0,14.0,1
2026-05-27T08-32-32__openai_gpt_5_4__jtc__miscalibrated__confidence_focused__sequence_1__rep4.json,jtc,miscalibrated,confidence_focused,jtc / miscalibrated,15.0,18.0,18.0,1
2026-05-27T08-32-40__openai_gpt_5_4__jtc__miscalibrated__confidence_focused__sequence_1__rep5.json,jtc,miscalibrated,confidence_focused,jtc / miscalibrated,14.0,14.0,14.0,1
2026-05-27T08-32-48__openai_gpt_5_4__jtc__miscalibrated__confidence_focused__sequence_1__rep6.json,jtc,miscalibrated,confidence_focused,jtc / miscalibrated,16.0,20.0,20.0,1
2026-05-27T08-32-56__openai_gpt_5_4__jtc__miscalibrated__confidence_focused__sequence_1__rep7.json,jtc,miscalibrated,confidence_focused,jtc / miscalibrated,16.0,16.0,16.0,1
2026-05-27T08-33-05__openai_gpt_5_4__jtc__miscalibrated__confidence_focused__sequence_1__rep8.json,jtc,miscalibrated,confidence_focused,jtc / miscalibrated,16.5,20.0,20.0,1
2026-05-27T08-33-13__openai_gpt_5_4__jtc__miscalibrated__confidence_focused__sequence_1__rep9.json,jtc,miscalibrated,confidence_focused,jtc / miscalibrated,16.0,18.0,18.0,1
2026-05-27T08-33-22__openai_gpt_5_4__jtc__miscalibrated__confidence_focused__sequence_1__rep10.json,jtc,miscalibrated,confidence_focused,jtc / miscalibrated,16.5,17.0,16.0,1
2026-05-27T08-33-27__openai_gpt_5_4__jtc__miscalibrated__confidence_focused__sequence_2__rep1.json,jtc,miscalibrated,confidence_focused,jtc / miscalibrated,24.0,24.0,24.0,0
2026-05-27T08-33-39__openai_gpt_5_4__jtc__miscalibrated__confidence_focused__sequence_2__rep2.json,jtc,miscalibrated,confidence_focused,jtc / miscalibrated,12.5,14.0,14.0,1
2026-05-27T08-33-47__openai_gpt_5_4__jtc__miscalibrated__confidence_focused__sequence_2__rep3.json,jtc,miscalibrated,confidence_focused,jtc / miscalibrated,13.0,14.0,14.0,1
2026-05-27T08-33-55__openai_gpt_5_4__jtc__miscalibrated__confidence_focused__sequence_2__rep4.json,jtc,miscalibrated,confidence_focused,jtc / miscalibrated,13.0,14.0,14.0,0
2026-05-27T08-34-04__openai_gpt_5_4__jtc__miscalibrated__confidence_focused__sequence_2__rep5.json,jtc,miscalibrated,confidence_focused,jtc / miscalibrated,13.0,16.0,16.0,0
2026-05-27T08-34-12__openai_gpt_5_4__jtc__miscalibrated__confidence_focused__sequence_2__rep6.json,jtc,miscalibrated,confidence_focused,jtc / miscalibrated,12.5,16.0,16.0,1
2026-05-27T08-34-18__openai_gpt_5_4__jtc__miscalibrated__confidence_focused__sequence_2__rep7.json,jtc,miscalibrated,confidence_focused,jtc / miscalibrated,14.0,14.0,14.0,0
2026-05-27T08-34-25__openai_gpt_5_4__jtc__miscalibrated__confidence_focused__sequence_2__rep8.json,jtc,miscalibrated,confidence_focused,jtc / miscalibrated,12.0,16.0,16.0,1
2026-05-27T08-34-33__openai_gpt_5_4__jtc__miscalibrated__confidence_focused__sequence_2__rep9.json,jtc,miscalibrated,confidence_focused,jtc / miscalibrated,11.0,16.0,16.0,1
2026-05-27T08-34-39__openai_gpt_5_4__jtc__miscalibrated__confidence_focused__sequence_2__rep10.json,jtc,miscalibrated,confidence_focused,jtc / miscalibrated,24.0,24.0,24.0,1
2026-05-27T08-34-54__openai_gpt_5_4__nonjtc__calibrated__brief_naturalistic__sequence_1__rep1.json,nonjtc,calibrated,brief_naturalistic,nonjtc / calibrated,22.0,34.0,6.0,1
2026-05-27T08-35-06__openai_gpt_5_4__nonjtc__calibrated__brief_naturalistic__sequence_1__rep2.json,nonjtc,calibrated,brief_naturalistic,nonjtc / calibrated,21.666666666666668,34.0,6.0,1
2026-05-27T08-35-21__openai_gpt_5_4__nonjtc__calibrated__brief_naturalistic__sequence_1__rep3.json,nonjtc,calibrated,brief_naturalistic,nonjtc / calibrated,17.5,36.0,4.0,1
2026-05-27T08-35-33__openai_gpt_5_4__nonjtc__calibrated__brief_naturalistic__sequence_1__rep4.json,nonjtc,calibrated,brief_naturalistic,nonjtc / calibrated,22.0,34.0,6.0,1
2026-05-27T08-35-45__openai_gpt_5_4__nonjtc__calibrated__brief_naturalistic__sequence_1__rep5.json,nonjtc,calibrated,brief_naturalistic,nonjtc / calibrated,21.333333333333332,36.0,4.0,1
2026-05-27T08-36-00__openai_gpt_5_4__nonjtc__calibrated__brief_naturalistic__sequence_1__rep6.json,nonjtc,calibrated,brief_naturalistic,nonjtc / calibrated,17.0,34.0,6.0,1
2026-05-27T08-36-15__openai_gpt_5_4__nonjtc__calibrated__brief_naturalistic__sequence_1__rep7.json,nonjtc,calibrated,brief_naturalistic,nonjtc / calibrated,16.5,32.0,6.0,1
2026-05-27T08-36-29__openai_gpt_5_4__nonjtc__calibrated__brief_naturalistic__sequence_1__rep8.json,nonjtc,calibrated,brief_naturalistic,nonjtc / calibrated,17.25,32.0,6.0,1
2026-05-27T08-36-40__openai_gpt_5_4__nonjtc__calibrated__brief_naturalistic__sequence_1__rep9.json,nonjtc,calibrated,brief_naturalistic,nonjtc / calibrated,21.333333333333332,34.0,6.0,1
2026-05-27T08-36-55__openai_gpt_5_4__nonjtc__calibrated__brief_naturalistic__sequence_1__rep10.json,nonjtc,calibrated,brief_naturalistic,nonjtc / calibrated,18.0,34.0,6.0,1
2026-05-27T08-37-10__openai_gpt_5_4__nonjtc__calibrated__brief_naturalistic__sequence_2__rep1.json,nonjtc,calibrated,brief_naturalistic,nonjtc / calibrated,16.5,36.0,4.0,1
2026-05-27T08-37-24__openai_gpt_5_4__nonjtc__calibrated__brief_naturalistic__sequence_2__rep2.json,nonjtc,calibrated,brief_naturalistic,nonjtc / calibrated,16.5,22.0,6.0,1
2026-05-27T08-37-43__openai_gpt_5_4__nonjtc__calibrated__brief_naturalistic__sequence_2__rep3.json,nonjtc,calibrated,brief_naturalistic,nonjtc / calibrated,13.6,18.0,6.0,1
2026-05-27T08-37-58__openai_gpt_5_4__nonjtc__calibrated__brief_naturalistic__sequence_2__rep4.json,nonjtc,calibrated,brief_naturalistic,nonjtc / calibrated,17.0,34.0,6.0,1
2026-05-27T08-38-16__openai_gpt_5_4__nonjtc__calibrated__brief_naturalistic__sequence_2__rep5.json,nonjtc,calibrated,brief_naturalistic,nonjtc / calibrated,16.25,21.0,6.0,1
2026-05-27T08-38-30__openai_gpt_5_4__nonjtc__calibrated__brief_naturalistic__sequence_2__rep6.json,nonjtc,calibrated,brief_naturalistic,nonjtc / calibrated,17.0,36.0,4.0,1
2026-05-27T08-38-44__openai_gpt_5_4__nonjtc__calibrated__brief_naturalistic__sequence_2__rep7.json,nonjtc,calibrated,brief_naturalistic,nonjtc / calibrated,16.5,22.0,6.0,1
2026-05-27T08-39-00__openai_gpt_5_4__nonjtc__calibrated__brief_naturalistic__sequence_2__rep8.json,nonjtc,calibrated,brief_naturalistic,nonjtc / calibrated,17.5,34.0,6.0,1
2026-05-27T08-39-17__openai_gpt_5_4__nonjtc__calibrated__brief_naturalistic__sequence_2__rep9.json,nonjtc,calibrated,brief_naturalistic,nonjtc / calibrated,13.6,20.0,4.0,1
2026-05-27T08-39-31__openai_gpt_5_4__nonjtc__calibrated__brief_naturalistic__sequence_2__rep10.json,nonjtc,calibrated,brief_naturalistic,nonjtc / calibrated,16.25,25.0,4.0,1
2026-05-27T08-39-43__openai_gpt_5_4__nonjtc__calibrated__warm_supportive__sequence_1__rep1.json,nonjtc,calibrated,warm_supportive,nonjtc / calibrated,21.333333333333332,34.0,6.0,1
2026-05-27T08-39-57__openai_gpt_5_4__nonjtc__calibrated__warm_supportive__sequence_1__rep2.json,nonjtc,calibrated,warm_supportive,nonjtc / calibrated,18.0,34.0,6.0,1
2026-05-27T08-40-10__openai_gpt_5_4__nonjtc__calibrated__warm_supportive__sequence_1__rep3.json,nonjtc,calibrated,warm_supportive,nonjtc / calibrated,22.666666666666668,34.0,6.0,1
2026-05-27T08-40-23__openai_gpt_5_4__nonjtc__calibrated__warm_supportive__sequence_1__rep4.json,nonjtc,calibrated,warm_supportive,nonjtc / calibrated,21.333333333333332,34.0,6.0,1
2026-05-27T08-40-38__openai_gpt_5_4__nonjtc__calibrated__warm_supportive__sequence_1__rep5.json,nonjtc,calibrated,warm_supportive,nonjtc / calibrated,17.5,30.0,6.0,1
2026-05-27T08-40-52__openai_gpt_5_4__nonjtc__calibrated__warm_supportive__sequence_1__rep6.json,nonjtc,calibrated,warm_supportive,nonjtc / calibrated,22.0,34.0,6.0,1
2026-05-27T08-41-03__openai_gpt_5_4__nonjtc__calibrated__warm_supportive__sequence_1__rep7.json,nonjtc,calibrated,warm_supportive,nonjtc / calibrated,22.666666666666668,38.0,6.0,1
2026-05-27T08-41-16__openai_gpt_5_4__nonjtc__calibrated__warm_supportive__sequence_1__rep8.json,nonjtc,calibrated,warm_supportive,nonjtc / calibrated,21.666666666666668,34.0,6.0,1
2026-05-27T08-41-26__openai_gpt_5_4__nonjtc__calibrated__warm_supportive__sequence_1__rep9.json,nonjtc,calibrated,warm_supportive,nonjtc / calibrated,21.333333333333332,34.0,6.0,1
2026-05-27T08-41-41__openai_gpt_5_4__nonjtc__calibrated__warm_supportive__sequence_1__rep10.json,nonjtc,calibrated,warm_supportive,nonjtc / calibrated,17.0,34.0,6.0,1
2026-05-27T08-41-57__openai_gpt_5_4__nonjtc__calibrated__warm_supportive__sequence_2__rep1.json,nonjtc,calibrated,warm_supportive,nonjtc / calibrated,17.0,34.0,6.0,1
2026-05-27T08-42-11__openai_gpt_5_4__nonjtc__calibrated__warm_supportive__sequence_2__rep2.json,nonjtc,calibrated,warm_supportive,nonjtc / calibrated,16.5,34.0,6.0,1
2026-05-27T08-42-26__openai_gpt_5_4__nonjtc__calibrated__warm_supportive__sequence_2__rep3.json,nonjtc,calibrated,warm_supportive,nonjtc / calibrated,17.0,34.0,6.0,1
2026-05-27T08-42-41__openai_gpt_5_4__nonjtc__calibrated__warm_supportive__sequence_2__rep4.json,nonjtc,calibrated,warm_supportive,nonjtc / calibrated,17.25,34.0,6.0,1
2026-05-27T08-42-55__openai_gpt_5_4__nonjtc__calibrated__warm_supportive__sequence_2__rep5.json,nonjtc,calibrated,warm_supportive,nonjtc / calibrated,17.0,34.0,6.0,1
2026-05-27T08-43-08__openai_gpt_5_4__nonjtc__calibrated__warm_supportive__sequence_2__rep6.json,nonjtc,calibrated,warm_supportive,nonjtc / calibrated,16.75,34.0,6.0,1
2026-05-27T08-43-22__openai_gpt_5_4__nonjtc__calibrated__warm_supportive__sequence_2__rep7.json,nonjtc,calibrated,warm_supportive,nonjtc / calibrated,17.0,36.0,4.0,1
2026-05-27T08-43-37__openai_gpt_5_4__nonjtc__calibrated__warm_supportive__sequence_2__rep8.json,nonjtc,calibrated,warm_supportive,nonjtc / calibrated,16.5,24.0,6.0,1
2026-05-27T08-43-52__openai_gpt_5_4__nonjtc__calibrated__warm_supportive__sequence_2__rep9.json,nonjtc,calibrated,warm_supportive,nonjtc / calibrated,17.0,34.0,6.0,1
2026-05-27T08-44-07__openai_gpt_5_4__nonjtc__calibrated__warm_supportive__sequence_2__rep10.json,nonjtc,calibrated,warm_supportive,nonjtc / calibrated,17.5,34.0,6.0,1
2026-05-27T08-44-22__openai_gpt_5_4__nonjtc__calibrated__process_focused__sequence_1__rep1.json,nonjtc,calibrated,process_focused,nonjtc / calibrated,16.5,30.0,6.0,1
2026-05-27T08-44-38__openai_gpt_5_4__nonjtc__calibrated__process_focused__sequence_1__rep2.json,nonjtc,calibrated,process_focused,nonjtc / calibrated,16.5,38.0,6.0,1
2026-05-27T08-44-52__openai_gpt_5_4__nonjtc__calibrated__process_focused__sequence_1__rep3.json,nonjtc,calibrated,process_focused,nonjtc / calibrated,16.5,32.0,6.0,1
2026-05-27T08-45-06__openai_gpt_5_4__nonjtc__calibrated__process_focused__sequence_1__rep4.json,nonjtc,calibrated,process_focused,nonjtc / calibrated,16.0,22.0,10.0,1
2026-05-27T08-45-17__openai_gpt_5_4__nonjtc__calibrated__process_focused__sequence_1__rep5.json,nonjtc,calibrated,process_focused,nonjtc / calibrated,21.666666666666668,34.0,6.0,1
2026-05-27T08-45-32__openai_gpt_5_4__nonjtc__calibrated__process_focused__sequence_1__rep6.json,nonjtc,calibrated,process_focused,nonjtc / calibrated,16.25,30.0,6.0,1
2026-05-27T08-45-46__openai_gpt_5_4__nonjtc__calibrated__process_focused__sequence_1__rep7.json,nonjtc,calibrated,process_focused,nonjtc / calibrated,24.0,40.0,6.0,1
2026-05-27T08-46-04__openai_gpt_5_4__nonjtc__calibrated__process_focused__sequence_1__rep8.json,nonjtc,calibrated,process_focused,nonjtc / calibrated,14.4,29.0,6.0,1
2026-05-27T08-46-16__openai_gpt_5_4__nonjtc__calibrated__process_focused__sequence_1__rep9.json,nonjtc,calibrated,process_focused,nonjtc / calibrated,21.666666666666668,45.0,6.0,1
2026-05-27T08-46-27__openai_gpt_5_4__nonjtc__calibrated__process_focused__sequence_1__rep10.json,nonjtc,calibrated,process_focused,nonjtc / calibrated,22.0,34.0,6.0,1
2026-05-27T08-46-43__openai_gpt_5_4__nonjtc__calibrated__process_focused__sequence_2__rep1.json,nonjtc,calibrated,process_focused,nonjtc / calibrated,13.6,22.0,6.0,1
2026-05-27T08-46-56__openai_gpt_5_4__nonjtc__calibrated__process_focused__sequence_2__rep2.json,nonjtc,calibrated,process_focused,nonjtc / calibrated,16.75,34.0,6.0,1
2026-05-27T08-47-10__openai_gpt_5_4__nonjtc__calibrated__process_focused__sequence_2__rep3.json,nonjtc,calibrated,process_focused,nonjtc / calibrated,17.0,30.0,10.0,1
2026-05-27T08-47-28__openai_gpt_5_4__nonjtc__calibrated__process_focused__sequence_2__rep4.json,nonjtc,calibrated,process_focused,nonjtc / calibrated,13.6,19.0,6.0,1
2026-05-27T08-47-43__openai_gpt_5_4__nonjtc__calibrated__process_focused__sequence_2__rep5.json,nonjtc,calibrated,process_focused,nonjtc / calibrated,16.0,22.0,6.0,1
2026-05-27T08-47-58__openai_gpt_5_4__nonjtc__calibrated__process_focused__sequence_2__rep6.json,nonjtc,calibrated,process_focused,nonjtc / calibrated,16.25,22.0,6.0,1
2026-05-27T08-48-12__openai_gpt_5_4__nonjtc__calibrated__process_focused__sequence_2__rep7.json,nonjtc,calibrated,process_focused,nonjtc / calibrated,16.5,34.0,6.0,1
2026-05-27T08-48-25__openai_gpt_5_4__nonjtc__calibrated__process_focused__sequence_2__rep8.json,nonjtc,calibrated,process_focused,nonjtc / calibrated,16.25,22.0,6.0,1
2026-05-27T08-48-45__openai_gpt_5_4__nonjtc__calibrated__process_focused__sequence_2__rep9.json,nonjtc,calibrated,process_focused,nonjtc / calibrated,13.8,21.0,6.0,1
2026-05-27T08-48-58__openai_gpt_5_4__nonjtc__calibrated__process_focused__sequence_2__rep10.json,nonjtc,calibrated,process_focused,nonjtc / calibrated,16.5,34.0,6.0,1
2026-05-27T08-49-14__openai_gpt_5_4__nonjtc__calibrated__confidence_focused__sequence_1__rep1.json,nonjtc,calibrated,confidence_focused,nonjtc / calibrated,14.2,29.0,6.0,1
2026-05-27T08-49-29__openai_gpt_5_4__nonjtc__calibrated__confidence_focused__sequence_1__rep2.json,nonjtc,calibrated,confidence_focused,nonjtc / calibrated,17.5,34.0,6.0,1
2026-05-27T08-49-46__openai_gpt_5_4__nonjtc__calibrated__confidence_focused__sequence_1__rep3.json,nonjtc,calibrated,confidence_focused,nonjtc / calibrated,17.0,30.0,10.0,1
2026-05-27T08-50-00__openai_gpt_5_4__nonjtc__calibrated__confidence_focused__sequence_1__rep4.json,nonjtc,calibrated,confidence_focused,nonjtc / calibrated,16.5,32.0,6.0,1
2026-05-27T08-50-14__openai_gpt_5_4__nonjtc__calibrated__confidence_focused__sequence_1__rep5.json,nonjtc,calibrated,confidence_focused,nonjtc / calibrated,16.5,32.0,6.0,1
2026-05-27T08-50-30__openai_gpt_5_4__nonjtc__calibrated__confidence_focused__sequence_1__rep6.json,nonjtc,calibrated,confidence_focused,nonjtc / calibrated,14.0,27.0,6.0,1
2026-05-27T08-50-41__openai_gpt_5_4__nonjtc__calibrated__confidence_focused__sequence_1__rep7.json,nonjtc,calibrated,confidence_focused,nonjtc / calibrated,21.333333333333332,34.0,6.0,1
2026-05-27T08-50-52__openai_gpt_5_4__nonjtc__calibrated__confidence_focused__sequence_1__rep8.json,nonjtc,calibrated,confidence_focused,nonjtc / calibrated,22.0,34.0,6.0,1
2026-05-27T08-51-10__openai_gpt_5_4__nonjtc__calibrated__confidence_focused__sequence_1__rep9.json,nonjtc,calibrated,confidence_focused,nonjtc / calibrated,14.4,28.0,6.0,1
2026-05-27T08-51-27__openai_gpt_5_4__nonjtc__calibrated__confidence_focused__sequence_1__rep10.json,nonjtc,calibrated,confidence_focused,nonjtc / calibrated,14.0,26.0,6.0,1
2026-05-27T08-51-45__openai_gpt_5_4__nonjtc__calibrated__confidence_focused__sequence_2__rep1.json,nonjtc,calibrated,confidence_focused,nonjtc / calibrated,13.4,22.0,6.0,1
2026-05-27T08-52-03__openai_gpt_5_4__nonjtc__calibrated__confidence_focused__sequence_2__rep2.json,nonjtc,calibrated,confidence_focused,nonjtc / calibrated,13.8,22.0,6.0,1
2026-05-27T08-52-21__openai_gpt_5_4__nonjtc__calibrated__confidence_focused__sequence_2__rep3.json,nonjtc,calibrated,confidence_focused,nonjtc / calibrated,13.8,22.0,6.0,1
2026-05-27T08-52-41__openai_gpt_5_4__nonjtc__calibrated__confidence_focused__sequence_2__rep4.json,nonjtc,calibrated,confidence_focused,nonjtc / calibrated,13.6,19.0,6.0,1
2026-05-27T08-52-56__openai_gpt_5_4__nonjtc__calibrated__confidence_focused__sequence_2__rep5.json,nonjtc,calibrated,confidence_focused,nonjtc / calibrated,16.5,23.0,6.0,1
2026-05-27T08-53-11__openai_gpt_5_4__nonjtc__calibrated__confidence_focused__sequence_2__rep6.json,nonjtc,calibrated,confidence_focused,nonjtc / calibrated,16.5,26.0,6.0,1
2026-05-27T08-53-27__openai_gpt_5_4__nonjtc__calibrated__confidence_focused__sequence_2__rep7.json,nonjtc,calibrated,confidence_focused,nonjtc / calibrated,13.8,19.0,8.0,1
2026-05-27T08-53-41__openai_gpt_5_4__nonjtc__calibrated__confidence_focused__sequence_2__rep8.json,nonjtc,calibrated,confidence_focused,nonjtc / calibrated,16.5,26.0,6.0,1
2026-05-27T08-53-54__openai_gpt_5_4__nonjtc__calibrated__confidence_focused__sequence_2__rep9.json,nonjtc,calibrated,confidence_focused,nonjtc / calibrated,16.5,26.0,6.0,1
2026-05-27T08-54-11__openai_gpt_5_4__nonjtc__calibrated__confidence_focused__sequence_2__rep10.json,nonjtc,calibrated,confidence_focused,nonjtc / calibrated,14.0,22.0,6.0,1
2026-05-27T08-54-24__openai_gpt_5_4__nonjtc__miscalibrated__brief_naturalistic__sequence_1__rep1.json,nonjtc,miscalibrated,brief_naturalistic,nonjtc / miscalibrated,16.5,30.0,6.0,1
2026-05-27T08-54-36__openai_gpt_5_4__nonjtc__miscalibrated__brief_naturalistic__sequence_1__rep2.json,nonjtc,miscalibrated,brief_naturalistic,nonjtc / miscalibrated,22.0,34.0,10.0,1
2026-05-27T08-54-49__openai_gpt_5_4__nonjtc__miscalibrated__brief_naturalistic__sequence_1__rep3.json,nonjtc,miscalibrated,brief_naturalistic,nonjtc / miscalibrated,17.0,32.0,10.0,1
2026-05-27T08-55-03__openai_gpt_5_4__nonjtc__miscalibrated__brief_naturalistic__sequence_1__rep4.json,nonjtc,miscalibrated,brief_naturalistic,nonjtc / miscalibrated,17.0,28.0,10.0,1
2026-05-27T08-55-15__openai_gpt_5_4__nonjtc__miscalibrated__brief_naturalistic__sequence_1__rep5.json,nonjtc,miscalibrated,brief_naturalistic,nonjtc / miscalibrated,24.666666666666668,40.0,6.0,1
2026-05-27T08-55-28__openai_gpt_5_4__nonjtc__miscalibrated__brief_naturalistic__sequence_1__rep6.json,nonjtc,miscalibrated,brief_naturalistic,nonjtc / miscalibrated,16.5,26.0,10.0,1
2026-05-27T08-55-42__openai_gpt_5_4__nonjtc__miscalibrated__brief_naturalistic__sequence_1__rep7.json,nonjtc,miscalibrated,brief_naturalistic,nonjtc / miscalibrated,22.0,34.0,10.0,1
2026-05-27T08-55-54__openai_gpt_5_4__nonjtc__miscalibrated__brief_naturalistic__sequence_1__rep8.json,nonjtc,miscalibrated,brief_naturalistic,nonjtc / miscalibrated,21.666666666666668,30.0,10.0,1
2026-05-27T08-56-10__openai_gpt_5_4__nonjtc__miscalibrated__brief_naturalistic__sequence_1__rep9.json,nonjtc,miscalibrated,brief_naturalistic,nonjtc / miscalibrated,17.5,32.0,10.0,1
2026-05-27T08-56-24__openai_gpt_5_4__nonjtc__miscalibrated__brief_naturalistic__sequence_1__rep10.json,nonjtc,miscalibrated,brief_naturalistic,nonjtc / miscalibrated,18.0,28.0,10.0,1
2026-05-27T08-56-38__openai_gpt_5_4__nonjtc__miscalibrated__brief_naturalistic__sequence_2__rep1.json,nonjtc,miscalibrated,brief_naturalistic,nonjtc / miscalibrated,17.0,30.0,10.0,1
2026-05-27T08-56-48__openai_gpt_5_4__nonjtc__miscalibrated__brief_naturalistic__sequence_2__rep2.json,nonjtc,miscalibrated,brief_naturalistic,nonjtc / miscalibrated,21.666666666666668,34.0,10.0,1
2026-05-27T08-57-02__openai_gpt_5_4__nonjtc__miscalibrated__brief_naturalistic__sequence_2__rep3.json,nonjtc,miscalibrated,brief_naturalistic,nonjtc / miscalibrated,17.0,30.0,10.0,1
2026-05-27T08-57-16__openai_gpt_5_4__nonjtc__miscalibrated__brief_naturalistic__sequence_2__rep4.json,nonjtc,miscalibrated,brief_naturalistic,nonjtc / miscalibrated,17.0,30.0,10.0,1
2026-05-27T08-57-26__openai_gpt_5_4__nonjtc__miscalibrated__brief_naturalistic__sequence_2__rep5.json,nonjtc,miscalibrated,brief_naturalistic,nonjtc / miscalibrated,22.666666666666668,34.0,10.0,1
2026-05-27T08-57-38__openai_gpt_5_4__nonjtc__miscalibrated__brief_naturalistic__sequence_2__rep6.json,nonjtc,miscalibrated,brief_naturalistic,nonjtc / miscalibrated,22.0,34.0,10.0,1
2026-05-27T08-57-54__openai_gpt_5_4__nonjtc__miscalibrated__brief_naturalistic__sequence_2__rep7.json,nonjtc,miscalibrated,brief_naturalistic,nonjtc / miscalibrated,16.5,30.0,10.0,1
2026-05-27T08-58-04__openai_gpt_5_4__nonjtc__miscalibrated__brief_naturalistic__sequence_2__rep8.json,nonjtc,miscalibrated,brief_naturalistic,nonjtc / miscalibrated,22.0,34.0,10.0,1
2026-05-27T08-58-18__openai_gpt_5_4__nonjtc__miscalibrated__brief_naturalistic__sequence_2__rep9.json,nonjtc,miscalibrated,brief_naturalistic,nonjtc / miscalibrated,16.5,30.0,10.0,1
2026-05-27T08-58-29__openai_gpt_5_4__nonjtc__miscalibrated__brief_naturalistic__sequence_2__rep10.json,nonjtc,miscalibrated,brief_naturalistic,nonjtc / miscalibrated,22.0,34.0,10.0,1
2026-05-27T08-58-43__openai_gpt_5_4__nonjtc__miscalibrated__warm_supportive__sequence_1__rep1.json,nonjtc,miscalibrated,warm_supportive,nonjtc / miscalibrated,16.5,29.0,6.0,1
2026-05-27T08-58-57__openai_gpt_5_4__nonjtc__miscalibrated__warm_supportive__sequence_1__rep2.json,nonjtc,miscalibrated,warm_supportive,nonjtc / miscalibrated,17.75,34.0,6.0,1
2026-05-27T08-59-11__openai_gpt_5_4__nonjtc__miscalibrated__warm_supportive__sequence_1__rep3.json,nonjtc,miscalibrated,warm_supportive,nonjtc / miscalibrated,16.5,30.0,6.0,1
2026-05-27T08-59-27__openai_gpt_5_4__nonjtc__miscalibrated__warm_supportive__sequence_1__rep4.json,nonjtc,miscalibrated,warm_supportive,nonjtc / miscalibrated,17.0,30.0,6.0,1
2026-05-27T08-59-38__openai_gpt_5_4__nonjtc__miscalibrated__warm_supportive__sequence_1__rep5.json,nonjtc,miscalibrated,warm_supportive,nonjtc / miscalibrated,21.666666666666668,41.0,6.0,1
2026-05-27T08-59-53__openai_gpt_5_4__nonjtc__miscalibrated__warm_supportive__sequence_1__rep6.json,nonjtc,miscalibrated,warm_supportive,nonjtc / miscalibrated,16.5,26.0,6.0,1
2026-05-27T09-00-04__openai_gpt_5_4__nonjtc__miscalibrated__warm_supportive__sequence_1__rep7.json,nonjtc,miscalibrated,warm_supportive,nonjtc / miscalibrated,21.666666666666668,34.0,6.0,1
2026-05-27T09-00-18__openai_gpt_5_4__nonjtc__miscalibrated__warm_supportive__sequence_1__rep8.json,nonjtc,miscalibrated,warm_supportive,nonjtc / miscalibrated,18.5,36.0,6.0,1
2026-05-27T09-00-33__openai_gpt_5_4__nonjtc__miscalibrated__warm_supportive__sequence_1__rep9.json,nonjtc,miscalibrated,warm_supportive,nonjtc / miscalibrated,16.5,30.0,10.0,1
2026-05-27T09-00-47__openai_gpt_5_4__nonjtc__miscalibrated__warm_supportive__sequence_1__rep10.json,nonjtc,miscalibrated,warm_supportive,nonjtc / miscalibrated,17.75,34.0,6.0,1
2026-05-27T09-01-01__openai_gpt_5_4__nonjtc__miscalibrated__warm_supportive__sequence_2__rep1.json,nonjtc,miscalibrated,warm_supportive,nonjtc / miscalibrated,16.5,22.0,6.0,1
2026-05-27T09-01-12__openai_gpt_5_4__nonjtc__miscalibrated__warm_supportive__sequence_2__rep2.json,nonjtc,miscalibrated,warm_supportive,nonjtc / miscalibrated,22.0,34.0,10.0,1
2026-05-27T09-01-26__openai_gpt_5_4__nonjtc__miscalibrated__warm_supportive__sequence_2__rep3.json,nonjtc,miscalibrated,warm_supportive,nonjtc / miscalibrated,16.5,30.0,10.0,1
2026-05-27T09-01-41__openai_gpt_5_4__nonjtc__miscalibrated__warm_supportive__sequence_2__rep4.json,nonjtc,miscalibrated,warm_supportive,nonjtc / miscalibrated,17.0,30.0,10.0,1
2026-05-27T09-01-56__openai_gpt_5_4__nonjtc__miscalibrated__warm_supportive__sequence_2__rep5.json,nonjtc,miscalibrated,warm_supportive,nonjtc / miscalibrated,17.0,34.0,6.0,1
2026-05-27T09-02-10__openai_gpt_5_4__nonjtc__miscalibrated__warm_supportive__sequence_2__rep6.json,nonjtc,miscalibrated,warm_supportive,nonjtc / miscalibrated,17.0,34.0,6.0,1
2026-05-27T09-02-25__openai_gpt_5_4__nonjtc__miscalibrated__warm_supportive__sequence_2__rep7.json,nonjtc,miscalibrated,warm_supportive,nonjtc / miscalibrated,16.5,34.0,6.0,1
2026-05-27T09-02-38__openai_gpt_5_4__nonjtc__miscalibrated__warm_supportive__sequence_2__rep8.json,nonjtc,miscalibrated,warm_supportive,nonjtc / miscalibrated,17.0,34.0,6.0,1
2026-05-27T09-02-52__openai_gpt_5_4__nonjtc__miscalibrated__warm_supportive__sequence_2__rep9.json,nonjtc,miscalibrated,warm_supportive,nonjtc / miscalibrated,17.0,34.0,6.0,1
2026-05-27T09-03-07__openai_gpt_5_4__nonjtc__miscalibrated__warm_supportive__sequence_2__rep10.json,nonjtc,miscalibrated,warm_supportive,nonjtc / miscalibrated,16.75,28.0,10.0,1
2026-05-27T09-03-20__openai_gpt_5_4__nonjtc__miscalibrated__process_focused__sequence_1__rep1.json,nonjtc,miscalibrated,process_focused,nonjtc / miscalibrated,22.666666666666668,29.0,14.0,1
2026-05-27T09-03-34__openai_gpt_5_4__nonjtc__miscalibrated__process_focused__sequence_1__rep2.json,nonjtc,miscalibrated,process_focused,nonjtc / miscalibrated,17.0,26.0,12.0,1
2026-05-27T09-03-48__openai_gpt_5_4__nonjtc__miscalibrated__process_focused__sequence_1__rep3.json,nonjtc,miscalibrated,process_focused,nonjtc / miscalibrated,17.0,27.0,12.0,1
2026-05-27T09-03-59__openai_gpt_5_4__nonjtc__miscalibrated__process_focused__sequence_1__rep4.json,nonjtc,miscalibrated,process_focused,nonjtc / miscalibrated,22.0,27.0,14.0,1
2026-05-27T09-04-11__openai_gpt_5_4__nonjtc__miscalibrated__process_focused__sequence_1__rep5.json,nonjtc,miscalibrated,process_focused,nonjtc / miscalibrated,21.666666666666668,42.0,14.0,1
2026-05-27T09-04-23__openai_gpt_5_4__nonjtc__miscalibrated__process_focused__sequence_1__rep6.json,nonjtc,miscalibrated,process_focused,nonjtc / miscalibrated,22.666666666666668,29.0,14.0,1
2026-05-27T09-04-36__openai_gpt_5_4__nonjtc__miscalibrated__process_focused__sequence_1__rep7.json,nonjtc,miscalibrated,process_focused,nonjtc / miscalibrated,20.5,40.0,40.0,1
2026-05-27T09-04-49__openai_gpt_5_4__nonjtc__miscalibrated__process_focused__sequence_1__rep8.json,nonjtc,miscalibrated,process_focused,nonjtc / miscalibrated,16.75,27.0,14.0,1
2026-05-27T09-05-01__openai_gpt_5_4__nonjtc__miscalibrated__process_focused__sequence_1__rep9.json,nonjtc,miscalibrated,process_focused,nonjtc / miscalibrated,24.0,38.0,12.0,1
2026-05-27T09-05-15__openai_gpt_5_4__nonjtc__miscalibrated__process_focused__sequence_1__rep10.json,nonjtc,miscalibrated,process_focused,nonjtc / miscalibrated,17.0,26.0,12.0,1
2026-05-27T09-05-25__openai_gpt_5_4__nonjtc__miscalibrated__process_focused__sequence_2__rep1.json,nonjtc,miscalibrated,process_focused,nonjtc / miscalibrated,22.0,35.0,10.0,1
2026-05-27T09-05-36__openai_gpt_5_4__nonjtc__miscalibrated__process_focused__sequence_2__rep2.json,nonjtc,miscalibrated,process_focused,nonjtc / miscalibrated,22.0,34.0,12.0,1
2026-05-27T09-05-47__openai_gpt_5_4__nonjtc__miscalibrated__process_focused__sequence_2__rep3.json,nonjtc,miscalibrated,process_focused,nonjtc / miscalibrated,22.0,29.0,14.0,1
2026-05-27T09-06-01__openai_gpt_5_4__nonjtc__miscalibrated__process_focused__sequence_2__rep4.json,nonjtc,miscalibrated,process_focused,nonjtc / miscalibrated,17.5,28.0,12.0,1
2026-05-27T09-06-14__openai_gpt_5_4__nonjtc__miscalibrated__process_focused__sequence_2__rep5.json,nonjtc,miscalibrated,process_focused,nonjtc / miscalibrated,22.0,32.0,10.0,1
2026-05-27T09-06-26__openai_gpt_5_4__nonjtc__miscalibrated__process_focused__sequence_2__rep6.json,nonjtc,miscalibrated,process_focused,nonjtc / miscalibrated,22.0,34.0,10.0,1
2026-05-27T09-06-37__openai_gpt_5_4__nonjtc__miscalibrated__process_focused__sequence_2__rep7.json,nonjtc,miscalibrated,process_focused,nonjtc / miscalibrated,21.666666666666668,34.0,10.0,1
2026-05-27T09-06-49__openai_gpt_5_4__nonjtc__miscalibrated__process_focused__sequence_2__rep8.json,nonjtc,miscalibrated,process_focused,nonjtc / miscalibrated,22.0,34.0,10.0,1
2026-05-27T09-07-01__openai_gpt_5_4__nonjtc__miscalibrated__process_focused__sequence_2__rep9.json,nonjtc,miscalibrated,process_focused,nonjtc / miscalibrated,22.0,31.0,14.0,1
2026-05-27T09-07-12__openai_gpt_5_4__nonjtc__miscalibrated__process_focused__sequence_2__rep10.json,nonjtc,miscalibrated,process_focused,nonjtc / miscalibrated,22.0,35.0,10.0,1
2026-05-27T09-07-28__openai_gpt_5_4__nonjtc__miscalibrated__confidence_focused__sequence_1__rep1.json,nonjtc,miscalibrated,confidence_focused,nonjtc / miscalibrated,16.75,34.0,10.0,1
2026-05-27T09-07-44__openai_gpt_5_4__nonjtc__miscalibrated__confidence_focused__sequence_1__rep2.json,nonjtc,miscalibrated,confidence_focused,nonjtc / miscalibrated,17.25,40.0,10.0,1
2026-05-27T09-07-57__openai_gpt_5_4__nonjtc__miscalibrated__confidence_focused__sequence_1__rep3.json,nonjtc,miscalibrated,confidence_focused,nonjtc / miscalibrated,23.333333333333332,39.0,10.0,1
2026-05-27T09-08-11__openai_gpt_5_4__nonjtc__miscalibrated__confidence_focused__sequence_1__rep4.json,nonjtc,miscalibrated,confidence_focused,nonjtc / miscalibrated,17.0,26.0,10.0,1
2026-05-27T09-08-22__openai_gpt_5_4__nonjtc__miscalibrated__confidence_focused__sequence_1__rep5.json,nonjtc,miscalibrated,confidence_focused,nonjtc / miscalibrated,22.333333333333332,42.0,10.0,1
2026-05-27T09-08-36__openai_gpt_5_4__nonjtc__miscalibrated__confidence_focused__sequence_1__rep6.json,nonjtc,miscalibrated,confidence_focused,nonjtc / miscalibrated,17.5,30.0,10.0,1
2026-05-27T09-08-51__openai_gpt_5_4__nonjtc__miscalibrated__confidence_focused__sequence_1__rep7.json,nonjtc,miscalibrated,confidence_focused,nonjtc / miscalibrated,16.5,29.0,10.0,1
2026-05-27T09-09-02__openai_gpt_5_4__nonjtc__miscalibrated__confidence_focused__sequence_1__rep8.json,nonjtc,miscalibrated,confidence_focused,nonjtc / miscalibrated,24.666666666666668,38.0,12.0,1
2026-05-27T10-00-31__openai_gpt_5_4__nonjtc__miscalibrated__confidence_focused__sequence_1__rep9.json,nonjtc,miscalibrated,confidence_focused,nonjtc / miscalibrated,17.0,32.0,10.0,1
2026-05-27T10-00-57__openai_gpt_5_4__nonjtc__miscalibrated__confidence_focused__sequence_1__rep10.json,nonjtc,miscalibrated,confidence_focused,nonjtc / miscalibrated,17.0,34.0,6.0,1
2026-05-27T10-01-09__openai_gpt_5_4__nonjtc__miscalibrated__confidence_focused__sequence_2__rep1.json,nonjtc,miscalibrated,confidence_focused,nonjtc / miscalibrated,22.666666666666668,34.0,10.0,1
2026-05-27T10-01-22__openai_gpt_5_4__nonjtc__miscalibrated__confidence_focused__sequence_2__rep2.json,nonjtc,miscalibrated,confidence_focused,nonjtc / miscalibrated,22.0,34.0,10.0,1
2026-05-27T10-01-35__openai_gpt_5_4__nonjtc__miscalibrated__confidence_focused__sequence_2__rep3.json,nonjtc,miscalibrated,confidence_focused,nonjtc / miscalibrated,22.666666666666668,33.0,10.0,1
2026-05-27T10-01-46__openai_gpt_5_4__nonjtc__miscalibrated__confidence_focused__sequence_2__rep4.json,nonjtc,miscalibrated,confidence_focused,nonjtc / miscalibrated,22.0,34.0,10.0,1
2026-05-27T10-01-58__openai_gpt_5_4__nonjtc__miscalibrated__confidence_focused__sequence_2__rep5.json,nonjtc,miscalibrated,confidence_focused,nonjtc / miscalibrated,22.666666666666668,44.0,10.0,1
2026-05-27T10-02-10__openai_gpt_5_4__nonjtc__miscalibrated__confidence_focused__sequence_2__rep6.json,nonjtc,miscalibrated,confidence_focused,nonjtc / miscalibrated,22.0,33.0,10.0,1
2026-05-27T10-02-28__openai_gpt_5_4__nonjtc__miscalibrated__confidence_focused__sequence_2__rep7.json,nonjtc,miscalibrated,confidence_focused,nonjtc / miscalibrated,17.0,23.0,16.0,1
2026-05-27T10-02-48__openai_gpt_5_4__nonjtc__miscalibrated__confidence_focused__sequence_2__rep8.json,nonjtc,miscalibrated,confidence_focused,nonjtc / miscalibrated,17.0,30.0,10.0,1
2026-05-27T10-03-05__openai_gpt_5_4__nonjtc__miscalibrated__confidence_focused__sequence_2__rep9.json,nonjtc,miscalibrated,confidence_focused,nonjtc / miscalibrated,22.333333333333332,34.0,10.0,1
2026-05-27T10-03-19__openai_gpt_5_4__nonjtc__miscalibrated__confidence_focused__sequence_2__rep10.json,nonjtc,miscalibrated,confidence_focused,nonjtc / miscalibrated,22.0,33.0,10.0,1
