file,agent_type,reassurance_type,reassurance_delivery_style,sequence_file,toc_turn,evidence_requests,accuracy,final_confidence,mean_abs_confidence_change,max_abs_confidence_jump,sd_confidence,confidence_delta_turn_1_to_2,confidence_range,n_confidence_points,condition
2026-05-27T09-05-36__openai_gpt_5_4__nonjtc__miscalibrated__process_focused__sequence_2__rep2.json,nonjtc,miscalibrated,process_focused,sequence_2.json,4,3,1,84,22.0,34.0,30.397368307141328,12.0,66.0,4,nonjtc / miscalibrated / process_focused
2026-05-27T10-00-31__openai_gpt_5_4__nonjtc__miscalibrated__confidence_focused__sequence_1__rep9.json,nonjtc,miscalibrated,confidence_focused,sequence_1.json,5,4,1,86,17.0,32.0,29.072323608545638,10.0,68.0,5,nonjtc / miscalibrated / confidence_focused
2026-05-27T08-17-32__openai_gpt_5_4__jtc__calibrated__warm_supportive__sequence_2__rep5.json,jtc,calibrated,warm_supportive,sequence_2.json,3,2,1,83,12.5,19.0,13.051181300301263,6.0,25.0,3,jtc / calibrated / warm_supportive
2026-05-27T08-41-03__openai_gpt_5_4__nonjtc__calibrated__warm_supportive__sequence_1__rep7.json,nonjtc,calibrated,warm_supportive,sequence_1.json,4,3,1,86,22.666666666666668,38.0,32.22318006239194,6.0,68.0,4,nonjtc / calibrated / warm_supportive
2026-05-27T08-32-32__openai_gpt_5_4__jtc__miscalibrated__confidence_focused__sequence_1__rep4.json,jtc,miscalibrated,confidence_focused,sequence_1.json,3,2,1,88,15.0,18.0,15.0996688705415,18.0,30.0,3,jtc / miscalibrated / confidence_focused
2026-05-27T09-01-56__openai_gpt_5_4__nonjtc__miscalibrated__warm_supportive__sequence_2__rep5.json,nonjtc,miscalibrated,warm_supportive,sequence_2.json,5,4,1,86,17.0,34.0,30.44339008717656,6.0,68.0,5,nonjtc / miscalibrated / warm_supportive
2026-05-27T08-38-44__openai_gpt_5_4__nonjtc__calibrated__brief_naturalistic__sequence_2__rep7.json,nonjtc,calibrated,brief_naturalistic,sequence_2.json,5,4,1,84,16.5,22.0,28.178005607210743,6.0,66.0,5,nonjtc / calibrated / brief_naturalistic
2026-05-27T08-19-21__openai_gpt_5_4__jtc__calibrated__process_focused__sequence_1__rep8.json,jtc,calibrated,process_focused,sequence_1.json,3,2,1,82,18.0,30.0,15.874507866387544,-6.0,30.0,3,jtc / calibrated / process_focused
2026-05-27T08-35-06__openai_gpt_5_4__nonjtc__calibrated__brief_naturalistic__sequence_1__rep2.json,nonjtc,calibrated,brief_naturalistic,sequence_1.json,4,3,1,83,21.666666666666668,34.0,30.445306151633073,6.0,65.0,4,nonjtc / calibrated / brief_naturalistic
2026-05-27T08-51-45__openai_gpt_5_4__nonjtc__calibrated__confidence_focused__sequence_2__rep1.json,nonjtc,calibrated,confidence_focused,sequence_2.json,6,5,1,85,13.4,22.0,27.37456240137304,6.0,67.0,6,nonjtc / calibrated / confidence_focused
2026-05-27T08-18-38__openai_gpt_5_4__jtc__calibrated__process_focused__sequence_1__rep3.json,jtc,calibrated,process_focused,sequence_1.json,3,2,1,84,13.0,20.0,13.613718571108091,6.0,26.0,3,jtc / calibrated / process_focused
2026-05-27T08-31-31__openai_gpt_5_4__jtc__miscalibrated__process_focused__sequence_2__rep7.json,jtc,miscalibrated,process_focused,sequence_2.json,3,2,0,84,13.0,18.0,13.316656236958787,18.0,26.0,3,jtc / miscalibrated / process_focused
2026-05-27T08-53-11__openai_gpt_5_4__nonjtc__calibrated__confidence_focused__sequence_2__rep6.json,nonjtc,calibrated,confidence_focused,sequence_2.json,5,4,1,84,16.5,26.0,28.305476501906835,6.0,66.0,5,nonjtc / calibrated / confidence_focused
2026-05-27T08-20-46__openai_gpt_5_4__jtc__calibrated__process_focused__sequence_2__rep8.json,jtc,calibrated,process_focused,sequence_2.json,3,2,1,84,13.0,18.0,13.316656236958787,8.0,26.0,3,jtc / calibrated / process_focused
2026-05-27T08-43-22__openai_gpt_5_4__nonjtc__calibrated__warm_supportive__sequence_2__rep7.json,nonjtc,calibrated,warm_supportive,sequence_2.json,5,4,1,86,17.0,36.0,30.18608951156145,4.0,68.0,5,nonjtc / calibrated / warm_supportive
2026-05-27T08-50-14__openai_gpt_5_4__nonjtc__calibrated__confidence_focused__sequence_1__rep5.json,nonjtc,calibrated,confidence_focused,sequence_1.json,5,4,1,84,16.5,32.0,28.310775333784132,6.0,66.0,5,nonjtc / calibrated / confidence_focused
2026-05-27T08-50-30__openai_gpt_5_4__nonjtc__calibrated__confidence_focused__sequence_1__rep6.json,nonjtc,calibrated,confidence_focused,sequence_1.json,6,5,1,88,14.0,27.0,28.423581758814283,6.0,70.0,6,nonjtc / calibrated / confidence_focused
2026-05-27T09-00-47__openai_gpt_5_4__nonjtc__miscalibrated__warm_supportive__sequence_1__rep10.json,nonjtc,miscalibrated,warm_supportive,sequence_1.json,5,4,1,89,17.75,34.0,31.66701754191575,6.0,71.0,5,nonjtc / miscalibrated / warm_supportive
2026-05-27T08-16-48__openai_gpt_5_4__jtc__calibrated__warm_supportive__sequence_1__rep10.json,jtc,calibrated,warm_supportive,sequence_1.json,3,2,1,84,13.0,17.0,13.203534880225574,9.0,26.0,3,jtc / calibrated / warm_supportive
2026-05-27T08-21-24__openai_gpt_5_4__jtc__calibrated__confidence_focused__sequence_1__rep2.json,jtc,calibrated,confidence_focused,sequence_1.json,3,2,1,84,13.0,20.0,13.613718571108091,6.0,26.0,3,jtc / calibrated / confidence_focused
2026-05-27T08-39-31__openai_gpt_5_4__nonjtc__calibrated__brief_naturalistic__sequence_2__rep10.json,nonjtc,calibrated,brief_naturalistic,sequence_2.json,5,4,1,83,16.25,25.0,27.725439581727105,4.0,65.0,5,nonjtc / calibrated / brief_naturalistic
2026-05-27T08-44-22__openai_gpt_5_4__nonjtc__calibrated__process_focused__sequence_1__rep1.json,nonjtc,calibrated,process_focused,sequence_1.json,5,4,1,84,16.5,30.0,28.5447017850949,6.0,66.0,5,nonjtc / calibrated / process_focused
2026-05-27T08-13-58__openai_gpt_5_4__jtc__calibrated__brief_naturalistic__sequence_1__rep10.json,jtc,calibrated,brief_naturalistic,sequence_1.json,4,3,1,90,14.666666666666666,24.0,17.320508075688775,-6.0,38.0,4,jtc / calibrated / brief_naturalistic
2026-05-27T09-00-04__openai_gpt_5_4__nonjtc__miscalibrated__warm_supportive__sequence_1__rep7.json,nonjtc,miscalibrated,warm_supportive,sequence_1.json,4,3,1,83,21.666666666666668,34.0,30.445306151633073,6.0,65.0,4,nonjtc / miscalibrated / warm_supportive
2026-05-27T08-33-47__openai_gpt_5_4__jtc__miscalibrated__confidence_focused__sequence_2__rep3.json,jtc,miscalibrated,confidence_focused,sequence_2.json,3,2,1,84,13.0,14.0,13.012814197295423,14.0,26.0,3,jtc / miscalibrated / confidence_focused
2026-05-27T08-16-16__openai_gpt_5_4__jtc__calibrated__warm_supportive__sequence_1__rep6.json,jtc,calibrated,warm_supportive,sequence_1.json,3,2,1,84,13.0,22.0,14.0,4.0,26.0,3,jtc / calibrated / warm_supportive
2026-05-27T08-57-16__openai_gpt_5_4__nonjtc__miscalibrated__brief_naturalistic__sequence_2__rep4.json,nonjtc,miscalibrated,brief_naturalistic,sequence_2.json,5,4,1,86,17.0,30.0,29.17533204609675,10.0,68.0,5,nonjtc / miscalibrated / brief_naturalistic
2026-05-27T08-42-41__openai_gpt_5_4__nonjtc__calibrated__warm_supportive__sequence_2__rep4.json,nonjtc,calibrated,warm_supportive,sequence_2.json,5,4,1,87,17.25,34.0,30.72132809629167,6.0,69.0,5,nonjtc / calibrated / warm_supportive
2026-05-27T08-28-03__openai_gpt_5_4__jtc__miscalibrated__warm_supportive__sequence_2__rep3.json,jtc,miscalibrated,warm_supportive,sequence_2.json,3,2,1,84,12.0,18.0,12.489995996796797,18.0,24.0,3,jtc / miscalibrated / warm_supportive
2026-05-27T08-25-08__openai_gpt_5_4__jtc__miscalibrated__brief_naturalistic__sequence_1__rep9.json,jtc,miscalibrated,brief_naturalistic,sequence_1.json,3,2,1,86,32.0,46.0,33.005050118630834,46.0,64.0,3,jtc / miscalibrated / brief_naturalistic
2026-05-27T08-30-20__openai_gpt_5_4__jtc__miscalibrated__process_focused__sequence_1__rep8.json,jtc,miscalibrated,process_focused,sequence_1.json,3,2,1,90,16.0,18.0,16.041612554021288,18.0,32.0,3,jtc / miscalibrated / process_focused
2026-05-27T08-19-05__openai_gpt_5_4__jtc__calibrated__process_focused__sequence_1__rep6.json,jtc,calibrated,process_focused,sequence_1.json,3,2,1,84,13.0,22.0,14.0,4.0,26.0,3,jtc / calibrated / process_focused
2026-05-27T08-32-40__openai_gpt_5_4__jtc__miscalibrated__confidence_focused__sequence_1__rep5.json,jtc,miscalibrated,confidence_focused,sequence_1.json,3,2,1,86,14.0,14.0,14.0,14.0,28.0,3,jtc / miscalibrated / confidence_focused
2026-05-27T08-23-41__openai_gpt_5_4__jtc__calibrated__confidence_focused__sequence_2__rep8.json,jtc,calibrated,confidence_focused,sequence_2.json,3,2,1,83,12.5,19.0,13.051181300301263,6.0,25.0,3,jtc / calibrated / confidence_focused
2026-05-27T08-59-53__openai_gpt_5_4__nonjtc__miscalibrated__warm_supportive__sequence_1__rep6.json,nonjtc,miscalibrated,warm_supportive,sequence_1.json,5,4,1,84,16.5,26.0,28.305476501906835,6.0,66.0,5,nonjtc / miscalibrated / warm_supportive
2026-05-27T09-07-01__openai_gpt_5_4__nonjtc__miscalibrated__process_focused__sequence_2__rep9.json,nonjtc,miscalibrated,process_focused,sequence_2.json,4,3,1,84,22.0,31.0,29.837057495671385,14.0,66.0,4,nonjtc / miscalibrated / process_focused
2026-05-27T08-27-16__openai_gpt_5_4__jtc__miscalibrated__warm_supportive__sequence_1__rep7.json,jtc,miscalibrated,warm_supportive,sequence_1.json,3,2,1,86,14.0,14.0,14.0,14.0,28.0,3,jtc / miscalibrated / warm_supportive
2026-05-27T08-42-11__openai_gpt_5_4__nonjtc__calibrated__warm_supportive__sequence_2__rep2.json,nonjtc,calibrated,warm_supportive,sequence_2.json,5,4,1,84,16.5,34.0,29.14103635768639,6.0,66.0,5,nonjtc / calibrated / warm_supportive
2026-05-27T08-26-42__openai_gpt_5_4__jtc__miscalibrated__warm_supportive__sequence_1__rep3.json,jtc,miscalibrated,warm_supportive,sequence_1.json,3,2,1,86,14.0,14.0,14.0,14.0,28.0,3,jtc / miscalibrated / warm_supportive
2026-05-27T08-33-55__openai_gpt_5_4__jtc__miscalibrated__confidence_focused__sequence_2__rep4.json,jtc,miscalibrated,confidence_focused,sequence_2.json,3,2,0,84,13.0,14.0,13.012814197295423,14.0,26.0,3,jtc / miscalibrated / confidence_focused
2026-05-27T08-54-36__openai_gpt_5_4__nonjtc__miscalibrated__brief_naturalistic__sequence_1__rep2.json,nonjtc,miscalibrated,brief_naturalistic,sequence_1.json,4,3,1,84,22.0,34.0,30.506829836393468,10.0,66.0,4,nonjtc / miscalibrated / brief_naturalistic
2026-05-27T08-47-43__openai_gpt_5_4__nonjtc__calibrated__process_focused__sequence_2__rep5.json,nonjtc,calibrated,process_focused,sequence_2.json,5,4,1,82,16.0,22.0,26.94438717061496,6.0,64.0,5,nonjtc / calibrated / process_focused
2026-05-27T08-44-07__openai_gpt_5_4__nonjtc__calibrated__warm_supportive__sequence_2__rep10.json,nonjtc,calibrated,warm_supportive,sequence_2.json,5,4,1,88,17.5,34.0,31.003225638633154,6.0,70.0,5,nonjtc / calibrated / warm_supportive
2026-05-27T08-43-08__openai_gpt_5_4__nonjtc__calibrated__warm_supportive__sequence_2__rep6.json,nonjtc,calibrated,warm_supportive,sequence_2.json,5,4,1,85,16.75,34.0,29.785902705810344,6.0,67.0,5,nonjtc / calibrated / warm_supportive
2026-05-27T08-50-52__openai_gpt_5_4__nonjtc__calibrated__confidence_focused__sequence_1__rep8.json,nonjtc,calibrated,confidence_focused,sequence_1.json,4,3,1,84,22.0,34.0,30.854497241083024,6.0,66.0,4,nonjtc / calibrated / confidence_focused
2026-05-27T08-28-55__openai_gpt_5_4__jtc__miscalibrated__warm_supportive__sequence_2__rep9.json,jtc,miscalibrated,warm_supportive,sequence_2.json,3,2,0,84,13.0,14.0,13.012814197295423,14.0,26.0,3,jtc / miscalibrated / warm_supportive
2026-05-27T08-25-42__openai_gpt_5_4__jtc__miscalibrated__brief_naturalistic__sequence_2__rep4.json,jtc,miscalibrated,brief_naturalistic,sequence_2.json,2,1,0,84,22.0,22.0,15.556349186104045,22.0,22.0,2,jtc / miscalibrated / brief_naturalistic
2026-05-27T08-41-41__openai_gpt_5_4__nonjtc__calibrated__warm_supportive__sequence_1__rep10.json,nonjtc,calibrated,warm_supportive,sequence_1.json,5,4,1,86,17.0,34.0,29.979993328885183,6.0,68.0,5,nonjtc / calibrated / warm_supportive
2026-05-27T08-44-52__openai_gpt_5_4__nonjtc__calibrated__process_focused__sequence_1__rep3.json,nonjtc,calibrated,process_focused,sequence_1.json,5,4,1,84,16.5,32.0,28.705400188814647,6.0,66.0,5,nonjtc / calibrated / process_focused
2026-05-27T08-42-55__openai_gpt_5_4__nonjtc__calibrated__warm_supportive__sequence_2__rep5.json,nonjtc,calibrated,warm_supportive,sequence_2.json,5,4,1,86,17.0,34.0,30.066592756745816,6.0,68.0,5,nonjtc / calibrated / warm_supportive
2026-05-27T08-22-24__openai_gpt_5_4__jtc__calibrated__confidence_focused__sequence_1__rep9.json,jtc,calibrated,confidence_focused,sequence_1.json,3,2,1,84,13.0,17.0,13.203534880225574,9.0,26.0,3,jtc / calibrated / confidence_focused
2026-05-27T08-43-37__openai_gpt_5_4__nonjtc__calibrated__warm_supportive__sequence_2__rep8.json,nonjtc,calibrated,warm_supportive,sequence_2.json,5,4,1,84,16.5,24.0,28.08380316125293,6.0,66.0,5,nonjtc / calibrated / warm_supportive
2026-05-27T08-28-37__openai_gpt_5_4__jtc__miscalibrated__warm_supportive__sequence_2__rep7.json,jtc,miscalibrated,warm_supportive,sequence_2.json,2,1,0,74,16.0,16.0,11.313708498984761,16.0,16.0,2,jtc / miscalibrated / warm_supportive
2026-05-27T09-08-36__openai_gpt_5_4__nonjtc__miscalibrated__confidence_focused__sequence_1__rep6.json,nonjtc,miscalibrated,confidence_focused,sequence_1.json,5,4,1,88,17.5,30.0,29.57701810527897,10.0,70.0,5,nonjtc / miscalibrated / confidence_focused
2026-05-27T08-28-22__openai_gpt_5_4__jtc__miscalibrated__warm_supportive__sequence_2__rep5.json,jtc,miscalibrated,warm_supportive,sequence_2.json,3,2,0,84,13.0,18.0,13.316656236958787,18.0,26.0,3,jtc / miscalibrated / warm_supportive
2026-05-27T08-18-18__openai_gpt_5_4__jtc__calibrated__process_focused__sequence_1__rep1.json,jtc,calibrated,process_focused,sequence_1.json,3,2,1,86,14.0,24.0,15.14375558880073,4.0,28.0,3,jtc / calibrated / process_focused
2026-05-27T08-32-24__openai_gpt_5_4__jtc__miscalibrated__confidence_focused__sequence_1__rep3.json,jtc,miscalibrated,confidence_focused,sequence_1.json,3,2,1,86,14.0,14.0,14.0,14.0,28.0,3,jtc / miscalibrated / confidence_focused
2026-05-27T09-02-10__openai_gpt_5_4__nonjtc__miscalibrated__warm_supportive__sequence_2__rep6.json,nonjtc,miscalibrated,warm_supportive,sequence_2.json,5,4,1,86,17.0,34.0,30.066592756745816,6.0,68.0,5,nonjtc / miscalibrated / warm_supportive
2026-05-27T08-59-38__openai_gpt_5_4__nonjtc__miscalibrated__warm_supportive__sequence_1__rep5.json,nonjtc,miscalibrated,warm_supportive,sequence_1.json,4,3,1,83,21.666666666666668,41.0,29.33001875212493,6.0,65.0,4,nonjtc / miscalibrated / warm_supportive
2026-05-27T08-30-37__openai_gpt_5_4__jtc__miscalibrated__process_focused__sequence_1__rep10.json,jtc,miscalibrated,process_focused,sequence_1.json,3,2,1,91,16.5,18.0,16.522711641858304,18.0,33.0,3,jtc / miscalibrated / process_focused
2026-05-27T08-54-11__openai_gpt_5_4__nonjtc__calibrated__confidence_focused__sequence_2__rep10.json,nonjtc,calibrated,confidence_focused,sequence_2.json,6,5,1,88,14.0,22.0,28.823601440486232,6.0,70.0,6,nonjtc / calibrated / confidence_focused
2026-05-27T08-32-48__openai_gpt_5_4__jtc__miscalibrated__confidence_focused__sequence_1__rep6.json,jtc,miscalibrated,confidence_focused,sequence_1.json,3,2,1,90,16.0,20.0,16.165807537309522,20.0,32.0,3,jtc / miscalibrated / confidence_focused
2026-05-27T08-23-23__openai_gpt_5_4__jtc__calibrated__confidence_focused__sequence_2__rep6.json,jtc,calibrated,confidence_focused,sequence_2.json,3,2,1,84,11.0,16.0,11.372481406154654,6.0,22.0,3,jtc / calibrated / confidence_focused
2026-05-27T08-38-16__openai_gpt_5_4__nonjtc__calibrated__brief_naturalistic__sequence_2__rep5.json,nonjtc,calibrated,brief_naturalistic,sequence_2.json,5,4,1,83,16.25,21.0,27.120103244641236,6.0,65.0,5,nonjtc / calibrated / brief_naturalistic
2026-05-27T08-41-16__openai_gpt_5_4__nonjtc__calibrated__warm_supportive__sequence_1__rep8.json,nonjtc,calibrated,warm_supportive,sequence_1.json,4,3,1,83,21.666666666666668,34.0,30.445306151633073,6.0,65.0,4,nonjtc / calibrated / warm_supportive
2026-05-27T08-34-12__openai_gpt_5_4__jtc__miscalibrated__confidence_focused__sequence_2__rep6.json,jtc,miscalibrated,confidence_focused,sequence_2.json,3,2,1,83,12.5,16.0,12.662279942148386,16.0,25.0,3,jtc / miscalibrated / confidence_focused
2026-05-27T08-52-03__openai_gpt_5_4__nonjtc__calibrated__confidence_focused__sequence_2__rep2.json,nonjtc,calibrated,confidence_focused,sequence_2.json,6,5,1,87,13.8,22.0,28.5756306433763,6.0,69.0,6,nonjtc / calibrated / confidence_focused
2026-05-27T08-54-49__openai_gpt_5_4__nonjtc__miscalibrated__brief_naturalistic__sequence_1__rep3.json,nonjtc,miscalibrated,brief_naturalistic,sequence_1.json,5,4,1,86,17.0,32.0,29.072323608545638,10.0,68.0,5,nonjtc / miscalibrated / brief_naturalistic
2026-05-27T08-15-05__openai_gpt_5_4__jtc__calibrated__brief_naturalistic__sequence_2__rep7.json,jtc,calibrated,brief_naturalistic,sequence_2.json,4,3,1,88,14.0,24.0,16.522711641858304,-6.0,36.0,4,jtc / calibrated / brief_naturalistic
2026-05-27T09-08-51__openai_gpt_5_4__nonjtc__miscalibrated__confidence_focused__sequence_1__rep7.json,nonjtc,miscalibrated,confidence_focused,sequence_1.json,5,4,1,84,16.5,29.0,27.622454633866266,10.0,66.0,5,nonjtc / miscalibrated / confidence_focused
2026-05-27T08-20-21__openai_gpt_5_4__jtc__calibrated__process_focused__sequence_2__rep5.json,jtc,calibrated,process_focused,sequence_2.json,3,2,1,82,12.0,14.0,12.055427546683417,10.0,24.0,3,jtc / calibrated / process_focused
2026-05-27T09-07-44__openai_gpt_5_4__nonjtc__miscalibrated__confidence_focused__sequence_1__rep2.json,nonjtc,miscalibrated,confidence_focused,sequence_1.json,5,4,1,87,17.25,40.0,30.21258016125071,10.0,69.0,5,nonjtc / miscalibrated / confidence_focused
2026-05-27T08-56-24__openai_gpt_5_4__nonjtc__miscalibrated__brief_naturalistic__sequence_1__rep10.json,nonjtc,miscalibrated,brief_naturalistic,sequence_1.json,5,4,1,90,18.0,28.0,31.016124838541646,10.0,72.0,5,nonjtc / miscalibrated / brief_naturalistic
2026-05-27T08-15-37__openai_gpt_5_4__jtc__calibrated__warm_supportive__sequence_1__rep1.json,jtc,calibrated,warm_supportive,sequence_1.json,3,2,1,86,14.0,18.0,14.189197769195175,10.0,28.0,3,jtc / calibrated / warm_supportive
2026-05-27T08-45-17__openai_gpt_5_4__nonjtc__calibrated__process_focused__sequence_1__rep5.json,nonjtc,calibrated,process_focused,sequence_1.json,4,3,1,83,21.666666666666668,34.0,30.445306151633073,6.0,65.0,4,nonjtc / calibrated / process_focused
2026-05-27T10-03-19__openai_gpt_5_4__nonjtc__miscalibrated__confidence_focused__sequence_2__rep10.json,nonjtc,miscalibrated,confidence_focused,sequence_2.json,4,3,1,84,22.0,33.0,30.357591033106257,10.0,66.0,4,nonjtc / miscalibrated / confidence_focused
2026-05-27T08-43-52__openai_gpt_5_4__nonjtc__calibrated__warm_supportive__sequence_2__rep9.json,nonjtc,calibrated,warm_supportive,sequence_2.json,5,4,1,86,17.0,34.0,30.44339008717656,6.0,68.0,5,nonjtc / calibrated / warm_supportive
2026-05-27T08-16-24__openai_gpt_5_4__jtc__calibrated__warm_supportive__sequence_1__rep7.json,jtc,calibrated,warm_supportive,sequence_1.json,3,2,1,86,14.0,14.0,14.0,14.0,28.0,3,jtc / calibrated / warm_supportive
2026-05-27T08-24-06__openai_gpt_5_4__jtc__miscalibrated__brief_naturalistic__sequence_1__rep1.json,jtc,miscalibrated,brief_naturalistic,sequence_1.json,3,2,1,88,15.0,16.0,15.01110699893027,14.0,30.0,3,jtc / miscalibrated / brief_naturalistic
2026-05-27T08-33-22__openai_gpt_5_4__jtc__miscalibrated__confidence_focused__sequence_1__rep10.json,jtc,miscalibrated,confidence_focused,sequence_1.json,3,2,1,91,16.5,17.0,16.502525059315417,16.0,33.0,3,jtc / miscalibrated / confidence_focused
2026-05-27T08-19-55__openai_gpt_5_4__jtc__calibrated__process_focused__sequence_2__rep2.json,jtc,calibrated,process_focused,sequence_2.json,3,2,1,82,12.0,18.0,12.489995996796797,6.0,24.0,3,jtc / calibrated / process_focused
2026-05-27T08-39-17__openai_gpt_5_4__nonjtc__calibrated__brief_naturalistic__sequence_2__rep9.json,nonjtc,calibrated,brief_naturalistic,sequence_2.json,6,5,1,86,13.6,20.0,27.875915530555524,4.0,68.0,6,nonjtc / calibrated / brief_naturalistic
2026-05-27T08-30-59__openai_gpt_5_4__jtc__miscalibrated__process_focused__sequence_2__rep3.json,jtc,miscalibrated,process_focused,sequence_2.json,2,1,0,82,24.0,24.0,16.97056274847714,24.0,24.0,2,jtc / miscalibrated / process_focused
2026-05-27T08-29-13__openai_gpt_5_4__jtc__miscalibrated__process_focused__sequence_1__rep1.json,jtc,miscalibrated,process_focused,sequence_1.json,3,2,1,86,14.0,14.0,14.0,14.0,28.0,3,jtc / miscalibrated / process_focused
2026-05-27T08-32-14__openai_gpt_5_4__jtc__miscalibrated__confidence_focused__sequence_1__rep2.json,jtc,miscalibrated,confidence_focused,sequence_1.json,3,2,1,91,16.5,19.0,16.56301099840646,14.0,33.0,3,jtc / miscalibrated / confidence_focused
2026-05-27T08-31-23__openai_gpt_5_4__jtc__miscalibrated__process_focused__sequence_2__rep6.json,jtc,miscalibrated,process_focused,sequence_2.json,3,2,0,84,13.0,18.0,13.316656236958787,18.0,26.0,3,jtc / miscalibrated / process_focused
2026-05-27T08-12-37__openai_gpt_5_4__jtc__calibrated__brief_naturalistic__sequence_1__rep1.json,jtc,calibrated,brief_naturalistic,sequence_1.json,3,2,1,81,17.5,29.0,15.307950004273378,-6.0,29.0,3,jtc / calibrated / brief_naturalistic
2026-05-27T08-42-26__openai_gpt_5_4__nonjtc__calibrated__warm_supportive__sequence_2__rep3.json,nonjtc,calibrated,warm_supportive,sequence_2.json,5,4,1,86,17.0,34.0,30.44339008717656,6.0,68.0,5,nonjtc / calibrated / warm_supportive
2026-05-27T08-24-37__openai_gpt_5_4__jtc__miscalibrated__brief_naturalistic__sequence_1__rep5.json,jtc,miscalibrated,brief_naturalistic,sequence_1.json,2,1,1,82,24.0,24.0,16.97056274847714,24.0,24.0,2,jtc / miscalibrated / brief_naturalistic
2026-05-27T08-52-21__openai_gpt_5_4__nonjtc__calibrated__confidence_focused__sequence_2__rep3.json,nonjtc,calibrated,confidence_focused,sequence_2.json,6,5,1,87,13.8,22.0,28.76108481959608,6.0,69.0,6,nonjtc / calibrated / confidence_focused
2026-05-27T09-05-47__openai_gpt_5_4__nonjtc__miscalibrated__process_focused__sequence_2__rep3.json,nonjtc,miscalibrated,process_focused,sequence_2.json,4,3,1,84,22.0,29.0,29.545163168726393,14.0,66.0,4,nonjtc / miscalibrated / process_focused
2026-05-27T08-19-48__openai_gpt_5_4__jtc__calibrated__process_focused__sequence_2__rep1.json,jtc,calibrated,process_focused,sequence_2.json,3,2,1,82,12.0,14.0,12.055427546683417,10.0,24.0,3,jtc / calibrated / process_focused
2026-05-27T10-01-46__openai_gpt_5_4__nonjtc__miscalibrated__confidence_focused__sequence_2__rep4.json,nonjtc,miscalibrated,confidence_focused,sequence_2.json,4,3,1,84,22.0,34.0,30.506829836393468,10.0,66.0,4,nonjtc / miscalibrated / confidence_focused
2026-05-27T08-34-18__openai_gpt_5_4__jtc__miscalibrated__confidence_focused__sequence_2__rep7.json,jtc,miscalibrated,confidence_focused,sequence_2.json,2,1,0,72,14.0,14.0,9.899494936611665,14.0,14.0,2,jtc / miscalibrated / confidence_focused
2026-05-27T08-30-54__openai_gpt_5_4__jtc__miscalibrated__process_focused__sequence_2__rep2.json,jtc,miscalibrated,process_focused,sequence_2.json,3,2,0,84,13.0,18.0,13.316656236958787,18.0,26.0,3,jtc / miscalibrated / process_focused
2026-05-27T08-15-53__openai_gpt_5_4__jtc__calibrated__warm_supportive__sequence_1__rep3.json,jtc,calibrated,warm_supportive,sequence_1.json,3,2,1,88,13.0,14.0,13.012814197295423,12.0,26.0,3,jtc / calibrated / warm_supportive
2026-05-27T08-24-55__openai_gpt_5_4__jtc__miscalibrated__brief_naturalistic__sequence_1__rep7.json,jtc,miscalibrated,brief_naturalistic,sequence_1.json,3,2,1,89,15.5,18.0,15.56705923844749,18.0,31.0,3,jtc / miscalibrated / brief_naturalistic
2026-05-27T09-05-25__openai_gpt_5_4__nonjtc__miscalibrated__process_focused__sequence_2__rep1.json,nonjtc,miscalibrated,process_focused,sequence_2.json,4,3,1,84,22.0,35.0,30.663496212923928,10.0,66.0,4,nonjtc / miscalibrated / process_focused
2026-05-27T09-07-12__openai_gpt_5_4__nonjtc__miscalibrated__process_focused__sequence_2__rep10.json,nonjtc,miscalibrated,process_focused,sequence_2.json,4,3,1,84,22.0,35.0,30.663496212923928,10.0,66.0,4,nonjtc / miscalibrated / process_focused
2026-05-27T08-49-46__openai_gpt_5_4__nonjtc__calibrated__confidence_focused__sequence_1__rep3.json,nonjtc,calibrated,confidence_focused,sequence_1.json,5,4,1,86,17.0,30.0,28.934408582170814,10.0,68.0,5,nonjtc / calibrated / confidence_focused
2026-05-27T08-50-41__openai_gpt_5_4__nonjtc__calibrated__confidence_focused__sequence_1__rep7.json,nonjtc,calibrated,confidence_focused,sequence_1.json,4,3,1,82,21.333333333333332,34.0,30.03886371574886,6.0,64.0,4,nonjtc / calibrated / confidence_focused
2026-05-27T08-46-43__openai_gpt_5_4__nonjtc__calibrated__process_focused__sequence_2__rep1.json,nonjtc,calibrated,process_focused,sequence_2.json,6,5,1,86,13.6,22.0,27.62607463973121,6.0,68.0,6,nonjtc / calibrated / process_focused
2026-05-27T10-02-48__openai_gpt_5_4__nonjtc__miscalibrated__confidence_focused__sequence_2__rep8.json,nonjtc,miscalibrated,confidence_focused,sequence_2.json,5,4,1,86,17.0,30.0,29.549957698785292,10.0,68.0,5,nonjtc / miscalibrated / confidence_focused
2026-05-27T08-25-28__openai_gpt_5_4__jtc__miscalibrated__brief_naturalistic__sequence_2__rep2.json,jtc,miscalibrated,brief_naturalistic,sequence_2.json,2,1,0,82,24.0,24.0,16.97056274847714,24.0,24.0,2,jtc / miscalibrated / brief_naturalistic
2026-05-27T08-20-28__openai_gpt_5_4__jtc__calibrated__process_focused__sequence_2__rep6.json,jtc,calibrated,process_focused,sequence_2.json,3,2,1,83,12.5,19.0,13.051181300301263,6.0,25.0,3,jtc / calibrated / process_focused
2026-05-27T08-31-07__openai_gpt_5_4__jtc__miscalibrated__process_focused__sequence_2__rep4.json,jtc,miscalibrated,process_focused,sequence_2.json,3,2,1,84,13.0,18.0,13.316656236958787,18.0,26.0,3,jtc / miscalibrated / process_focused
2026-05-27T08-15-21__openai_gpt_5_4__jtc__calibrated__brief_naturalistic__sequence_2__rep9.json,jtc,calibrated,brief_naturalistic,sequence_2.json,3,2,1,84,13.0,22.0,14.0,4.0,26.0,3,jtc / calibrated / brief_naturalistic
2026-05-27T08-23-05__openai_gpt_5_4__jtc__calibrated__confidence_focused__sequence_2__rep4.json,jtc,calibrated,confidence_focused,sequence_2.json,3,2,1,84,13.0,16.0,13.114877048604,10.0,26.0,3,jtc / calibrated / confidence_focused
2026-05-27T08-17-14__openai_gpt_5_4__jtc__calibrated__warm_supportive__sequence_2__rep3.json,jtc,calibrated,warm_supportive,sequence_2.json,3,2,0,82,12.0,18.0,12.489995996796797,6.0,24.0,3,jtc / calibrated / warm_supportive
2026-05-27T08-58-43__openai_gpt_5_4__nonjtc__miscalibrated__warm_supportive__sequence_1__rep1.json,nonjtc,miscalibrated,warm_supportive,sequence_1.json,5,4,1,84,16.5,29.0,28.358420266298335,6.0,66.0,5,nonjtc / miscalibrated / warm_supportive
2026-05-27T08-16-40__openai_gpt_5_4__jtc__calibrated__warm_supportive__sequence_1__rep9.json,jtc,calibrated,warm_supportive,sequence_1.json,3,2,1,85,13.5,18.0,13.74772708486752,9.0,27.0,3,jtc / calibrated / warm_supportive
2026-05-27T08-59-27__openai_gpt_5_4__nonjtc__miscalibrated__warm_supportive__sequence_1__rep4.json,nonjtc,miscalibrated,warm_supportive,sequence_1.json,5,4,1,86,17.0,30.0,29.209587467131406,6.0,68.0,5,nonjtc / miscalibrated / warm_supportive
2026-05-27T08-19-36__openai_gpt_5_4__jtc__calibrated__process_focused__sequence_1__rep10.json,jtc,calibrated,process_focused,sequence_1.json,3,2,1,86,14.0,18.0,14.189197769195175,10.0,28.0,3,jtc / calibrated / process_focused
2026-05-27T08-29-05__openai_gpt_5_4__jtc__miscalibrated__warm_supportive__sequence_2__rep10.json,jtc,miscalibrated,warm_supportive,sequence_2.json,3,2,1,83,12.5,18.0,12.897028081435403,18.0,25.0,3,jtc / miscalibrated / warm_supportive
2026-05-27T08-14-54__openai_gpt_5_4__jtc__calibrated__brief_naturalistic__sequence_2__rep6.json,jtc,calibrated,brief_naturalistic,sequence_2.json,4,3,1,84,12.666666666666666,16.0,13.988090172238191,-6.0,32.0,4,jtc / calibrated / brief_naturalistic
2026-05-27T08-26-03__openai_gpt_5_4__jtc__miscalibrated__brief_naturalistic__sequence_2__rep7.json,jtc,miscalibrated,brief_naturalistic,sequence_2.json,3,2,0,84,13.0,18.0,13.316656236958787,18.0,26.0,3,jtc / miscalibrated / brief_naturalistic
2026-05-27T08-20-38__openai_gpt_5_4__jtc__calibrated__process_focused__sequence_2__rep7.json,jtc,calibrated,process_focused,sequence_2.json,3,2,1,83,12.5,19.0,13.051181300301263,6.0,25.0,3,jtc / calibrated / process_focused
2026-05-27T08-30-10__openai_gpt_5_4__jtc__miscalibrated__process_focused__sequence_1__rep7.json,jtc,miscalibrated,process_focused,sequence_1.json,3,2,1,88,15.0,16.0,15.01110699893027,14.0,30.0,3,jtc / miscalibrated / process_focused
2026-05-27T08-58-18__openai_gpt_5_4__nonjtc__miscalibrated__brief_naturalistic__sequence_2__rep9.json,nonjtc,miscalibrated,brief_naturalistic,sequence_2.json,5,4,1,84,16.5,30.0,28.614681546367066,10.0,66.0,5,nonjtc / miscalibrated / brief_naturalistic
2026-05-27T08-27-41__openai_gpt_5_4__jtc__miscalibrated__warm_supportive__sequence_1__rep10.json,jtc,miscalibrated,warm_supportive,sequence_1.json,3,2,1,86,14.0,14.0,14.0,14.0,28.0,3,jtc / miscalibrated / warm_supportive
2026-05-27T09-07-28__openai_gpt_5_4__nonjtc__miscalibrated__confidence_focused__sequence_1__rep1.json,nonjtc,miscalibrated,confidence_focused,sequence_1.json,5,4,1,85,16.75,34.0,28.91712295509358,10.0,67.0,5,nonjtc / miscalibrated / confidence_focused
2026-05-27T08-45-46__openai_gpt_5_4__nonjtc__calibrated__process_focused__sequence_1__rep7.json,nonjtc,calibrated,process_focused,sequence_1.json,4,3,1,84,24.0,40.0,34.11744421846396,6.0,72.0,4,nonjtc / calibrated / process_focused
2026-05-27T08-30-45__openai_gpt_5_4__jtc__miscalibrated__process_focused__sequence_2__rep1.json,jtc,miscalibrated,process_focused,sequence_2.json,3,2,0,84,13.0,14.0,13.012814197295423,14.0,26.0,3,jtc / miscalibrated / process_focused
2026-05-27T08-56-48__openai_gpt_5_4__nonjtc__miscalibrated__brief_naturalistic__sequence_2__rep2.json,nonjtc,miscalibrated,brief_naturalistic,sequence_2.json,4,3,1,83,21.666666666666668,34.0,30.11505714201231,10.0,65.0,4,nonjtc / miscalibrated / brief_naturalistic
2026-05-27T08-49-14__openai_gpt_5_4__nonjtc__calibrated__confidence_focused__sequence_1__rep1.json,nonjtc,calibrated,confidence_focused,sequence_1.json,6,5,1,89,14.2,29.0,29.969428867875788,6.0,71.0,6,nonjtc / calibrated / confidence_focused
2026-05-27T08-39-43__openai_gpt_5_4__nonjtc__calibrated__warm_supportive__sequence_1__rep1.json,nonjtc,calibrated,warm_supportive,sequence_1.json,4,3,1,82,21.333333333333332,34.0,30.03886371574886,6.0,64.0,4,nonjtc / calibrated / warm_supportive
2026-05-27T08-14-43__openai_gpt_5_4__jtc__calibrated__brief_naturalistic__sequence_2__rep5.json,jtc,calibrated,brief_naturalistic,sequence_2.json,4,3,1,84,12.666666666666666,16.0,13.988090172238191,-6.0,32.0,4,jtc / calibrated / brief_naturalistic
2026-05-27T08-29-38__openai_gpt_5_4__jtc__miscalibrated__process_focused__sequence_1__rep4.json,jtc,miscalibrated,process_focused,sequence_1.json,3,2,1,88,15.0,16.0,15.01110699893027,14.0,30.0,3,jtc / miscalibrated / process_focused
2026-05-27T08-40-52__openai_gpt_5_4__nonjtc__calibrated__warm_supportive__sequence_1__rep6.json,nonjtc,calibrated,warm_supportive,sequence_1.json,4,3,1,84,22.0,34.0,30.854497241083024,6.0,66.0,4,nonjtc / calibrated / warm_supportive
2026-05-27T08-29-21__openai_gpt_5_4__jtc__miscalibrated__process_focused__sequence_1__rep2.json,jtc,miscalibrated,process_focused,sequence_1.json,3,2,1,91,16.5,20.0,16.623276853055575,20.0,33.0,3,jtc / miscalibrated / process_focused
2026-05-27T08-20-12__openai_gpt_5_4__jtc__calibrated__process_focused__sequence_2__rep4.json,jtc,calibrated,process_focused,sequence_2.json,3,2,1,84,13.0,21.0,13.796134724383252,5.0,26.0,3,jtc / calibrated / process_focused
2026-05-27T08-46-27__openai_gpt_5_4__nonjtc__calibrated__process_focused__sequence_1__rep10.json,nonjtc,calibrated,process_focused,sequence_1.json,4,3,1,84,22.0,34.0,30.854497241083024,6.0,66.0,4,nonjtc / calibrated / process_focused
2026-05-27T08-48-25__openai_gpt_5_4__nonjtc__calibrated__process_focused__sequence_2__rep8.json,nonjtc,calibrated,process_focused,sequence_2.json,5,4,1,83,16.25,22.0,27.860366113890176,6.0,65.0,5,nonjtc / calibrated / process_focused
2026-05-27T08-16-01__openai_gpt_5_4__jtc__calibrated__warm_supportive__sequence_1__rep4.json,jtc,calibrated,warm_supportive,sequence_1.json,3,2,1,84,13.0,21.0,13.796134724383252,5.0,26.0,3,jtc / calibrated / warm_supportive
2026-05-27T09-08-22__openai_gpt_5_4__nonjtc__miscalibrated__confidence_focused__sequence_1__rep5.json,nonjtc,miscalibrated,confidence_focused,sequence_1.json,4,3,1,82,22.333333333333332,42.0,29.512709126747414,10.0,67.0,4,nonjtc / miscalibrated / confidence_focused
2026-05-27T08-17-23__openai_gpt_5_4__jtc__calibrated__warm_supportive__sequence_2__rep4.json,jtc,calibrated,warm_supportive,sequence_2.json,3,2,1,84,13.0,18.0,13.316656236958787,8.0,26.0,3,jtc / calibrated / warm_supportive
2026-05-27T08-37-10__openai_gpt_5_4__nonjtc__calibrated__brief_naturalistic__sequence_2__rep1.json,nonjtc,calibrated,brief_naturalistic,sequence_2.json,5,4,1,84,16.5,36.0,29.61756235749323,4.0,66.0,5,nonjtc / calibrated / brief_naturalistic
2026-05-27T08-55-15__openai_gpt_5_4__nonjtc__miscalibrated__brief_naturalistic__sequence_1__rep5.json,nonjtc,miscalibrated,brief_naturalistic,sequence_1.json,4,3,1,86,24.666666666666668,40.0,34.92372641438291,6.0,74.0,4,nonjtc / miscalibrated / brief_naturalistic
2026-05-27T08-25-48__openai_gpt_5_4__jtc__miscalibrated__brief_naturalistic__sequence_2__rep5.json,jtc,miscalibrated,brief_naturalistic,sequence_2.json,2,1,0,82,24.0,24.0,16.97056274847714,24.0,24.0,2,jtc / miscalibrated / brief_naturalistic
2026-05-27T09-04-49__openai_gpt_5_4__nonjtc__miscalibrated__process_focused__sequence_1__rep8.json,nonjtc,miscalibrated,process_focused,sequence_1.json,5,4,1,85,16.75,27.0,27.25252281899788,14.0,67.0,5,nonjtc / miscalibrated / process_focused
2026-05-27T08-46-56__openai_gpt_5_4__nonjtc__calibrated__process_focused__sequence_2__rep2.json,nonjtc,calibrated,process_focused,sequence_2.json,5,4,1,85,16.75,34.0,29.785902705810344,6.0,67.0,5,nonjtc / calibrated / process_focused
2026-05-27T08-57-38__openai_gpt_5_4__nonjtc__miscalibrated__brief_naturalistic__sequence_2__rep6.json,nonjtc,miscalibrated,brief_naturalistic,sequence_2.json,4,3,1,84,22.0,34.0,30.506829836393468,10.0,66.0,4,nonjtc / miscalibrated / brief_naturalistic
2026-05-27T08-21-41__openai_gpt_5_4__jtc__calibrated__confidence_focused__sequence_1__rep4.json,jtc,calibrated,confidence_focused,sequence_1.json,3,2,1,86,14.0,20.0,14.422205101855956,8.0,28.0,3,jtc / calibrated / confidence_focused
2026-05-27T08-58-57__openai_gpt_5_4__nonjtc__miscalibrated__warm_supportive__sequence_1__rep2.json,nonjtc,miscalibrated,warm_supportive,sequence_1.json,5,4,1,89,17.75,34.0,31.28897569432403,6.0,71.0,5,nonjtc / miscalibrated / warm_supportive
2026-05-27T08-52-41__openai_gpt_5_4__nonjtc__calibrated__confidence_focused__sequence_2__rep4.json,nonjtc,calibrated,confidence_focused,sequence_2.json,6,5,1,86,13.6,19.0,27.39647179230688,6.0,68.0,6,nonjtc / calibrated / confidence_focused
2026-05-27T08-44-38__openai_gpt_5_4__nonjtc__calibrated__process_focused__sequence_1__rep2.json,nonjtc,calibrated,process_focused,sequence_1.json,5,4,1,84,16.5,38.0,29.34620929523948,6.0,66.0,5,nonjtc / calibrated / process_focused
2026-05-27T08-57-26__openai_gpt_5_4__nonjtc__miscalibrated__brief_naturalistic__sequence_2__rep5.json,nonjtc,miscalibrated,brief_naturalistic,sequence_2.json,4,3,1,86,22.666666666666668,34.0,31.29962726082639,10.0,68.0,4,nonjtc / miscalibrated / brief_naturalistic
2026-05-27T08-23-58__openai_gpt_5_4__jtc__calibrated__confidence_focused__sequence_2__rep10.json,jtc,calibrated,confidence_focused,sequence_2.json,3,2,1,83,12.5,19.0,13.051181300301263,6.0,25.0,3,jtc / calibrated / confidence_focused
2026-05-27T10-00-57__openai_gpt_5_4__nonjtc__miscalibrated__confidence_focused__sequence_1__rep10.json,nonjtc,miscalibrated,confidence_focused,sequence_1.json,5,4,1,86,17.0,34.0,29.979993328885183,6.0,68.0,5,nonjtc / miscalibrated / confidence_focused
2026-05-27T08-14-06__openai_gpt_5_4__jtc__calibrated__brief_naturalistic__sequence_2__rep1.json,jtc,calibrated,brief_naturalistic,sequence_2.json,3,2,1,83,12.5,19.0,13.051181300301263,6.0,25.0,3,jtc / calibrated / brief_naturalistic
2026-05-27T08-26-52__openai_gpt_5_4__jtc__miscalibrated__warm_supportive__sequence_1__rep4.json,jtc,miscalibrated,warm_supportive,sequence_1.json,3,2,1,90,16.0,18.0,16.041612554021288,18.0,32.0,3,jtc / miscalibrated / warm_supportive
2026-05-27T08-18-27__openai_gpt_5_4__jtc__calibrated__process_focused__sequence_1__rep2.json,jtc,calibrated,process_focused,sequence_1.json,3,2,1,84,13.0,23.0,14.224392195567912,3.0,26.0,3,jtc / calibrated / process_focused
2026-05-27T10-01-58__openai_gpt_5_4__nonjtc__miscalibrated__confidence_focused__sequence_2__rep5.json,nonjtc,miscalibrated,confidence_focused,sequence_2.json,4,3,1,86,22.666666666666668,44.0,33.08574718314016,10.0,68.0,4,nonjtc / miscalibrated / confidence_focused
2026-05-27T08-48-58__openai_gpt_5_4__nonjtc__calibrated__process_focused__sequence_2__rep10.json,nonjtc,calibrated,process_focused,sequence_2.json,5,4,1,84,16.5,34.0,29.14103635768639,6.0,66.0,5,nonjtc / calibrated / process_focused
2026-05-27T09-04-36__openai_gpt_5_4__nonjtc__miscalibrated__process_focused__sequence_1__rep7.json,nonjtc,miscalibrated,process_focused,sequence_1.json,5,4,1,88,20.5,40.0,26.735743864721623,40.0,70.0,5,nonjtc / miscalibrated / process_focused
2026-05-27T08-49-29__openai_gpt_5_4__nonjtc__calibrated__confidence_focused__sequence_1__rep2.json,nonjtc,calibrated,confidence_focused,sequence_1.json,5,4,1,88,17.5,34.0,31.003225638633154,6.0,70.0,5,nonjtc / calibrated / confidence_focused
2026-05-27T08-55-28__openai_gpt_5_4__nonjtc__miscalibrated__brief_naturalistic__sequence_1__rep6.json,nonjtc,miscalibrated,brief_naturalistic,sequence_1.json,5,4,1,84,16.5,26.0,27.53179979587241,10.0,66.0,5,nonjtc / miscalibrated / brief_naturalistic
2026-05-27T08-39-57__openai_gpt_5_4__nonjtc__calibrated__warm_supportive__sequence_1__rep2.json,nonjtc,calibrated,warm_supportive,sequence_1.json,5,4,1,90,18.0,34.0,31.949960876345376,6.0,72.0,5,nonjtc / calibrated / warm_supportive
2026-05-27T08-37-58__openai_gpt_5_4__nonjtc__calibrated__brief_naturalistic__sequence_2__rep4.json,nonjtc,calibrated,brief_naturalistic,sequence_2.json,5,4,1,86,17.0,34.0,30.066592756745816,6.0,68.0,5,nonjtc / calibrated / brief_naturalistic
2026-05-27T08-17-40__openai_gpt_5_4__jtc__calibrated__warm_supportive__sequence_2__rep6.json,jtc,calibrated,warm_supportive,sequence_2.json,3,2,0,84,13.0,18.0,13.316656236958787,8.0,26.0,3,jtc / calibrated / warm_supportive
2026-05-27T08-21-15__openai_gpt_5_4__jtc__calibrated__confidence_focused__sequence_1__rep1.json,jtc,calibrated,confidence_focused,sequence_1.json,3,2,1,86,14.0,20.0,14.422205101855956,8.0,28.0,3,jtc / calibrated / confidence_focused
2026-05-27T08-39-00__openai_gpt_5_4__nonjtc__calibrated__brief_naturalistic__sequence_2__rep8.json,nonjtc,calibrated,brief_naturalistic,sequence_2.json,5,4,1,88,17.5,34.0,31.3878957561669,6.0,70.0,5,nonjtc / calibrated / brief_naturalistic
2026-05-27T08-27-25__openai_gpt_5_4__jtc__miscalibrated__warm_supportive__sequence_1__rep8.json,jtc,miscalibrated,warm_supportive,sequence_1.json,3,2,1,88,15.0,16.0,15.01110699893027,14.0,30.0,3,jtc / miscalibrated / warm_supportive
2026-05-27T08-51-27__openai_gpt_5_4__nonjtc__calibrated__confidence_focused__sequence_1__rep10.json,nonjtc,calibrated,confidence_focused,sequence_1.json,6,5,1,88,14.0,26.0,28.835163718395403,6.0,70.0,6,nonjtc / calibrated / confidence_focused
2026-05-27T08-35-33__openai_gpt_5_4__nonjtc__calibrated__brief_naturalistic__sequence_1__rep4.json,nonjtc,calibrated,brief_naturalistic,sequence_1.json,4,3,1,84,22.0,34.0,30.854497241083024,6.0,66.0,4,nonjtc / calibrated / brief_naturalistic
2026-05-27T08-17-06__openai_gpt_5_4__jtc__calibrated__warm_supportive__sequence_2__rep2.json,jtc,calibrated,warm_supportive,sequence_2.json,3,2,1,82,12.0,19.0,12.662279942148386,5.0,24.0,3,jtc / calibrated / warm_supportive
2026-05-27T08-40-10__openai_gpt_5_4__nonjtc__calibrated__warm_supportive__sequence_1__rep3.json,nonjtc,calibrated,warm_supportive,sequence_1.json,4,3,1,86,22.666666666666668,34.0,31.680698645494967,6.0,68.0,4,nonjtc / calibrated / warm_supportive
2026-05-27T10-02-28__openai_gpt_5_4__nonjtc__miscalibrated__confidence_focused__sequence_2__rep7.json,nonjtc,miscalibrated,confidence_focused,sequence_2.json,5,4,1,86,17.0,23.0,27.589853207293437,16.0,68.0,5,nonjtc / miscalibrated / confidence_focused
2026-05-27T08-14-14__openai_gpt_5_4__jtc__calibrated__brief_naturalistic__sequence_2__rep2.json,jtc,calibrated,brief_naturalistic,sequence_2.json,3,2,1,84,13.0,22.0,14.0,4.0,26.0,3,jtc / calibrated / brief_naturalistic
2026-05-27T08-53-54__openai_gpt_5_4__nonjtc__calibrated__confidence_focused__sequence_2__rep9.json,nonjtc,calibrated,confidence_focused,sequence_2.json,5,4,1,84,16.5,26.0,28.305476501906835,6.0,66.0,5,nonjtc / calibrated / confidence_focused
2026-05-27T09-03-59__openai_gpt_5_4__nonjtc__miscalibrated__process_focused__sequence_1__rep4.json,nonjtc,miscalibrated,process_focused,sequence_1.json,4,3,1,84,22.0,27.0,29.055980451535273,14.0,66.0,4,nonjtc / miscalibrated / process_focused
2026-05-27T08-22-07__openai_gpt_5_4__jtc__calibrated__confidence_focused__sequence_1__rep7.json,jtc,calibrated,confidence_focused,sequence_1.json,3,2,1,84,13.0,18.0,13.316656236958787,8.0,26.0,3,jtc / calibrated / confidence_focused
2026-05-27T08-13-05__openai_gpt_5_4__jtc__calibrated__brief_naturalistic__sequence_1__rep4.json,jtc,calibrated,brief_naturalistic,sequence_1.json,3,2,1,86,14.0,20.0,14.422205101855956,8.0,28.0,3,jtc / calibrated / brief_naturalistic
2026-05-27T09-06-37__openai_gpt_5_4__nonjtc__miscalibrated__process_focused__sequence_2__rep7.json,nonjtc,miscalibrated,process_focused,sequence_2.json,4,3,1,83,21.666666666666668,34.0,30.11505714201231,10.0,65.0,4,nonjtc / miscalibrated / process_focused
2026-05-27T09-01-01__openai_gpt_5_4__nonjtc__miscalibrated__warm_supportive__sequence_2__rep1.json,nonjtc,miscalibrated,warm_supportive,sequence_2.json,5,4,1,84,16.5,22.0,28.178005607210743,6.0,66.0,5,nonjtc / miscalibrated / warm_supportive
2026-05-27T08-46-04__openai_gpt_5_4__nonjtc__calibrated__process_focused__sequence_1__rep8.json,nonjtc,calibrated,process_focused,sequence_1.json,6,5,1,90,14.4,29.0,30.091527046662154,6.0,72.0,6,nonjtc / calibrated / process_focused
2026-05-27T09-03-07__openai_gpt_5_4__nonjtc__miscalibrated__warm_supportive__sequence_2__rep10.json,nonjtc,miscalibrated,warm_supportive,sequence_2.json,5,4,1,85,16.75,28.0,28.44644090215857,10.0,67.0,5,nonjtc / miscalibrated / warm_supportive
2026-05-27T08-18-09__openai_gpt_5_4__jtc__calibrated__warm_supportive__sequence_2__rep10.json,jtc,calibrated,warm_supportive,sequence_2.json,3,2,1,84,13.0,16.0,13.114877048604,10.0,26.0,3,jtc / calibrated / warm_supportive
2026-05-27T08-54-24__openai_gpt_5_4__nonjtc__miscalibrated__brief_naturalistic__sequence_1__rep1.json,nonjtc,miscalibrated,brief_naturalistic,sequence_1.json,5,4,1,84,16.5,30.0,28.5447017850949,6.0,66.0,5,nonjtc / miscalibrated / brief_naturalistic
2026-05-27T08-37-24__openai_gpt_5_4__nonjtc__calibrated__brief_naturalistic__sequence_2__rep2.json,nonjtc,calibrated,brief_naturalistic,sequence_2.json,5,4,1,84,16.5,22.0,27.618834153526464,6.0,66.0,5,nonjtc / calibrated / brief_naturalistic
2026-05-27T08-37-43__openai_gpt_5_4__nonjtc__calibrated__brief_naturalistic__sequence_2__rep3.json,nonjtc,calibrated,brief_naturalistic,sequence_2.json,6,5,1,86,13.6,18.0,26.862613424609304,6.0,68.0,6,nonjtc / calibrated / brief_naturalistic
2026-05-27T08-25-54__openai_gpt_5_4__jtc__miscalibrated__brief_naturalistic__sequence_2__rep6.json,jtc,miscalibrated,brief_naturalistic,sequence_2.json,2,1,0,76,18.0,18.0,12.727922061357855,18.0,18.0,2,jtc / miscalibrated / brief_naturalistic
2026-05-27T08-33-27__openai_gpt_5_4__jtc__miscalibrated__confidence_focused__sequence_2__rep1.json,jtc,miscalibrated,confidence_focused,sequence_2.json,2,1,0,82,24.0,24.0,16.97056274847714,24.0,24.0,2,jtc / miscalibrated / confidence_focused
2026-05-27T08-36-55__openai_gpt_5_4__nonjtc__calibrated__brief_naturalistic__sequence_1__rep10.json,nonjtc,calibrated,brief_naturalistic,sequence_1.json,5,4,1,90,18.0,34.0,31.949960876345376,6.0,72.0,5,nonjtc / calibrated / brief_naturalistic
2026-05-27T09-00-33__openai_gpt_5_4__nonjtc__miscalibrated__warm_supportive__sequence_1__rep9.json,nonjtc,miscalibrated,warm_supportive,sequence_1.json,5,4,1,84,16.5,30.0,27.806474066303338,10.0,66.0,5,nonjtc / miscalibrated / warm_supportive
2026-05-27T10-02-10__openai_gpt_5_4__nonjtc__miscalibrated__confidence_focused__sequence_2__rep6.json,nonjtc,miscalibrated,confidence_focused,sequence_2.json,4,3,1,84,22.0,33.0,30.357591033106257,10.0,66.0,4,nonjtc / miscalibrated / confidence_focused
2026-05-27T09-06-26__openai_gpt_5_4__nonjtc__miscalibrated__process_focused__sequence_2__rep6.json,nonjtc,miscalibrated,process_focused,sequence_2.json,4,3,1,84,22.0,34.0,30.506829836393468,10.0,66.0,4,nonjtc / miscalibrated / process_focused
2026-05-27T09-05-15__openai_gpt_5_4__nonjtc__miscalibrated__process_focused__sequence_1__rep10.json,nonjtc,miscalibrated,process_focused,sequence_1.json,5,4,1,86,17.0,26.0,27.84241368847177,12.0,68.0,5,nonjtc / miscalibrated / process_focused
2026-05-27T08-33-05__openai_gpt_5_4__jtc__miscalibrated__confidence_focused__sequence_1__rep8.json,jtc,miscalibrated,confidence_focused,sequence_1.json,3,2,1,91,16.5,20.0,16.623276853055575,20.0,33.0,3,jtc / miscalibrated / confidence_focused
2026-05-27T08-34-04__openai_gpt_5_4__jtc__miscalibrated__confidence_focused__sequence_2__rep5.json,jtc,miscalibrated,confidence_focused,sequence_2.json,3,2,0,84,13.0,16.0,13.114877048604,16.0,26.0,3,jtc / miscalibrated / confidence_focused
2026-05-27T08-32-56__openai_gpt_5_4__jtc__miscalibrated__confidence_focused__sequence_1__rep7.json,jtc,miscalibrated,confidence_focused,sequence_1.json,3,2,1,90,16.0,16.0,16.0,16.0,32.0,3,jtc / miscalibrated / confidence_focused
2026-05-27T09-03-20__openai_gpt_5_4__nonjtc__miscalibrated__process_focused__sequence_1__rep1.json,nonjtc,miscalibrated,process_focused,sequence_1.json,4,3,1,86,22.666666666666668,29.0,30.346608816582236,14.0,68.0,4,nonjtc / miscalibrated / process_focused
2026-05-27T08-40-23__openai_gpt_5_4__nonjtc__calibrated__warm_supportive__sequence_1__rep4.json,nonjtc,calibrated,warm_supportive,sequence_1.json,4,3,1,82,21.333333333333332,34.0,30.03886371574886,6.0,64.0,4,nonjtc / calibrated / warm_supportive
2026-05-27T08-47-28__openai_gpt_5_4__nonjtc__calibrated__process_focused__sequence_2__rep4.json,nonjtc,calibrated,process_focused,sequence_2.json,6,5,1,86,13.6,19.0,27.39647179230688,6.0,68.0,6,nonjtc / calibrated / process_focused
2026-05-27T08-35-21__openai_gpt_5_4__nonjtc__calibrated__brief_naturalistic__sequence_1__rep3.json,nonjtc,calibrated,brief_naturalistic,sequence_1.json,5,4,1,88,17.5,36.0,31.476975712415577,4.0,70.0,5,nonjtc / calibrated / brief_naturalistic
2026-05-27T09-09-02__openai_gpt_5_4__nonjtc__miscalibrated__confidence_focused__sequence_1__rep8.json,nonjtc,miscalibrated,confidence_focused,sequence_1.json,4,3,1,86,24.666666666666668,38.0,34.136978971978955,12.0,74.0,4,nonjtc / miscalibrated / confidence_focused
2026-05-27T08-28-14__openai_gpt_5_4__jtc__miscalibrated__warm_supportive__sequence_2__rep4.json,jtc,miscalibrated,warm_supportive,sequence_2.json,3,2,0,84,13.0,14.0,13.012814197295423,14.0,26.0,3,jtc / miscalibrated / warm_supportive
2026-05-27T08-31-16__openai_gpt_5_4__jtc__miscalibrated__process_focused__sequence_2__rep5.json,jtc,miscalibrated,process_focused,sequence_2.json,3,2,0,84,13.0,18.0,13.316656236958787,18.0,26.0,3,jtc / miscalibrated / process_focused
2026-05-27T08-35-45__openai_gpt_5_4__nonjtc__calibrated__brief_naturalistic__sequence_1__rep5.json,nonjtc,calibrated,brief_naturalistic,sequence_1.json,4,3,1,82,21.333333333333332,36.0,30.528675044947494,4.0,64.0,4,nonjtc / calibrated / brief_naturalistic
2026-05-27T08-24-24__openai_gpt_5_4__jtc__miscalibrated__brief_naturalistic__sequence_1__rep3.json,jtc,miscalibrated,brief_naturalistic,sequence_1.json,3,2,1,86,14.0,16.0,14.047538337136986,16.0,28.0,3,jtc / miscalibrated / brief_naturalistic
2026-05-27T08-45-32__openai_gpt_5_4__nonjtc__calibrated__process_focused__sequence_1__rep6.json,nonjtc,calibrated,process_focused,sequence_1.json,5,4,1,83,16.25,30.0,28.217016142746207,6.0,65.0,5,nonjtc / calibrated / process_focused
2026-05-27T08-53-41__openai_gpt_5_4__nonjtc__calibrated__confidence_focused__sequence_2__rep8.json,nonjtc,calibrated,confidence_focused,sequence_2.json,5,4,1,84,16.5,26.0,28.305476501906835,6.0,66.0,5,nonjtc / calibrated / confidence_focused
2026-05-27T08-36-40__openai_gpt_5_4__nonjtc__calibrated__brief_naturalistic__sequence_1__rep9.json,nonjtc,calibrated,brief_naturalistic,sequence_1.json,4,3,1,82,21.333333333333332,34.0,30.03886371574886,6.0,64.0,4,nonjtc / calibrated / brief_naturalistic
2026-05-27T08-46-16__openai_gpt_5_4__nonjtc__calibrated__process_focused__sequence_1__rep9.json,nonjtc,calibrated,process_focused,sequence_1.json,4,3,1,83,21.666666666666668,45.0,29.386788414750825,6.0,65.0,4,nonjtc / calibrated / process_focused
2026-05-27T08-26-20__openai_gpt_5_4__jtc__miscalibrated__brief_naturalistic__sequence_2__rep10.json,jtc,miscalibrated,brief_naturalistic,sequence_2.json,2,1,0,83,25.0,25.0,17.67766952966369,25.0,25.0,2,jtc / miscalibrated / brief_naturalistic
2026-05-27T09-04-23__openai_gpt_5_4__nonjtc__miscalibrated__process_focused__sequence_1__rep6.json,nonjtc,miscalibrated,process_focused,sequence_1.json,4,3,1,86,22.666666666666668,29.0,30.346608816582236,14.0,68.0,4,nonjtc / miscalibrated / process_focused
2026-05-27T08-27-33__openai_gpt_5_4__jtc__miscalibrated__warm_supportive__sequence_1__rep9.json,jtc,miscalibrated,warm_supportive,sequence_1.json,3,2,1,87,14.5,15.0,14.502873278538061,14.0,29.0,3,jtc / miscalibrated / warm_supportive
2026-05-27T08-13-39__openai_gpt_5_4__jtc__calibrated__brief_naturalistic__sequence_1__rep8.json,jtc,calibrated,brief_naturalistic,sequence_1.json,3,2,1,84,19.0,32.0,17.009801096230767,-6.0,32.0,3,jtc / calibrated / brief_naturalistic
2026-05-27T08-15-28__openai_gpt_5_4__jtc__calibrated__brief_naturalistic__sequence_2__rep10.json,jtc,calibrated,brief_naturalistic,sequence_2.json,3,2,1,82,10.0,16.0,10.583005244258363,4.0,20.0,3,jtc / calibrated / brief_naturalistic
2026-05-27T08-13-48__openai_gpt_5_4__jtc__calibrated__brief_naturalistic__sequence_1__rep9.json,jtc,calibrated,brief_naturalistic,sequence_1.json,3,2,1,84,19.0,32.0,17.009801096230767,-6.0,32.0,3,jtc / calibrated / brief_naturalistic
2026-05-27T08-13-13__openai_gpt_5_4__jtc__calibrated__brief_naturalistic__sequence_1__rep5.json,jtc,calibrated,brief_naturalistic,sequence_1.json,3,2,1,84,28.0,30.0,28.0237994093116,30.0,56.0,3,jtc / calibrated / brief_naturalistic
2026-05-27T08-55-54__openai_gpt_5_4__nonjtc__miscalibrated__brief_naturalistic__sequence_1__rep8.json,nonjtc,miscalibrated,brief_naturalistic,sequence_1.json,4,3,1,83,21.666666666666668,30.0,29.545163168726393,10.0,65.0,4,nonjtc / miscalibrated / brief_naturalistic
2026-05-27T08-30-28__openai_gpt_5_4__jtc__miscalibrated__process_focused__sequence_1__rep9.json,jtc,miscalibrated,process_focused,sequence_1.json,3,2,1,88,15.0,18.0,15.0996688705415,18.0,30.0,3,jtc / miscalibrated / process_focused
2026-05-27T08-34-39__openai_gpt_5_4__jtc__miscalibrated__confidence_focused__sequence_2__rep10.json,jtc,miscalibrated,confidence_focused,sequence_2.json,2,1,1,82,24.0,24.0,16.97056274847714,24.0,24.0,2,jtc / miscalibrated / confidence_focused
2026-05-27T08-58-04__openai_gpt_5_4__nonjtc__miscalibrated__brief_naturalistic__sequence_2__rep8.json,nonjtc,miscalibrated,brief_naturalistic,sequence_2.json,4,3,1,84,22.0,34.0,30.506829836393468,10.0,66.0,4,nonjtc / miscalibrated / brief_naturalistic
2026-05-27T08-19-28__openai_gpt_5_4__jtc__calibrated__process_focused__sequence_1__rep9.json,jtc,calibrated,process_focused,sequence_1.json,3,2,1,84,13.0,20.0,13.613718571108091,6.0,26.0,3,jtc / calibrated / process_focused
2026-05-27T08-24-14__openai_gpt_5_4__jtc__miscalibrated__brief_naturalistic__sequence_1__rep2.json,jtc,miscalibrated,brief_naturalistic,sequence_1.json,3,2,1,91,16.5,20.0,16.623276853055575,20.0,33.0,3,jtc / miscalibrated / brief_naturalistic
2026-05-27T09-03-34__openai_gpt_5_4__nonjtc__miscalibrated__process_focused__sequence_1__rep2.json,nonjtc,miscalibrated,process_focused,sequence_1.json,5,4,1,86,17.0,26.0,27.84241368847177,12.0,68.0,5,nonjtc / miscalibrated / process_focused
2026-05-27T08-53-27__openai_gpt_5_4__nonjtc__calibrated__confidence_focused__sequence_2__rep7.json,nonjtc,calibrated,confidence_focused,sequence_2.json,6,5,1,87,13.8,19.0,27.978563222581677,8.0,69.0,6,nonjtc / calibrated / confidence_focused
2026-05-27T08-26-28__openai_gpt_5_4__jtc__miscalibrated__warm_supportive__sequence_1__rep1.json,jtc,miscalibrated,warm_supportive,sequence_1.json,3,2,1,90,15.0,18.0,15.0996688705415,18.0,30.0,3,jtc / miscalibrated / warm_supportive
2026-05-27T08-47-58__openai_gpt_5_4__nonjtc__calibrated__process_focused__sequence_2__rep6.json,nonjtc,calibrated,process_focused,sequence_2.json,5,4,1,83,16.25,22.0,27.860366113890176,6.0,65.0,5,nonjtc / calibrated / process_focused
2026-05-27T08-38-30__openai_gpt_5_4__nonjtc__calibrated__brief_naturalistic__sequence_2__rep6.json,nonjtc,calibrated,brief_naturalistic,sequence_2.json,5,4,1,86,17.0,36.0,30.541774670113718,4.0,68.0,5,nonjtc / calibrated / brief_naturalistic
2026-05-27T08-15-45__openai_gpt_5_4__jtc__calibrated__warm_supportive__sequence_1__rep2.json,jtc,calibrated,warm_supportive,sequence_1.json,3,2,1,85,13.5,18.0,13.74772708486752,9.0,27.0,3,jtc / calibrated / warm_supportive
2026-05-27T08-59-11__openai_gpt_5_4__nonjtc__miscalibrated__warm_supportive__sequence_1__rep3.json,nonjtc,miscalibrated,warm_supportive,sequence_1.json,5,4,1,84,16.5,30.0,28.5447017850949,6.0,66.0,5,nonjtc / miscalibrated / warm_supportive
2026-05-27T09-06-49__openai_gpt_5_4__nonjtc__miscalibrated__process_focused__sequence_2__rep8.json,nonjtc,miscalibrated,process_focused,sequence_2.json,4,3,1,84,22.0,34.0,30.506829836393468,10.0,66.0,4,nonjtc / miscalibrated / process_focused
2026-05-27T08-22-40__openai_gpt_5_4__jtc__calibrated__confidence_focused__sequence_2__rep1.json,jtc,calibrated,confidence_focused,sequence_2.json,3,2,1,84,13.0,20.0,13.613718571108091,6.0,26.0,3,jtc / calibrated / confidence_focused
2026-05-27T08-16-31__openai_gpt_5_4__jtc__calibrated__warm_supportive__sequence_1__rep8.json,jtc,calibrated,warm_supportive,sequence_1.json,3,2,1,88,15.0,16.0,15.01110699893027,14.0,30.0,3,jtc / calibrated / warm_supportive
2026-05-27T08-32-06__openai_gpt_5_4__jtc__miscalibrated__confidence_focused__sequence_1__rep1.json,jtc,miscalibrated,confidence_focused,sequence_1.json,3,2,1,91,16.5,18.0,16.522711641858304,18.0,33.0,3,jtc / miscalibrated / confidence_focused
2026-05-27T08-30-01__openai_gpt_5_4__jtc__miscalibrated__process_focused__sequence_1__rep6.json,jtc,miscalibrated,process_focused,sequence_1.json,3,2,1,88,15.0,16.0,15.01110699893027,14.0,30.0,3,jtc / miscalibrated / process_focused
2026-05-27T08-22-14__openai_gpt_5_4__jtc__calibrated__confidence_focused__sequence_1__rep8.json,jtc,calibrated,confidence_focused,sequence_1.json,3,2,1,86,14.0,18.0,14.189197769195175,10.0,28.0,3,jtc / calibrated / confidence_focused
2026-05-27T08-27-08__openai_gpt_5_4__jtc__miscalibrated__warm_supportive__sequence_1__rep6.json,jtc,miscalibrated,warm_supportive,sequence_1.json,3,2,1,91,16.5,17.0,16.502525059315417,16.0,33.0,3,jtc / miscalibrated / warm_supportive
2026-05-27T09-01-41__openai_gpt_5_4__nonjtc__miscalibrated__warm_supportive__sequence_2__rep4.json,nonjtc,miscalibrated,warm_supportive,sequence_2.json,5,4,1,86,17.0,30.0,29.17533204609675,10.0,68.0,5,nonjtc / miscalibrated / warm_supportive
2026-05-27T08-14-33__openai_gpt_5_4__jtc__calibrated__brief_naturalistic__sequence_2__rep4.json,jtc,calibrated,brief_naturalistic,sequence_2.json,4,3,1,85,15.666666666666666,26.0,16.45954636879968,-10.0,37.0,4,jtc / calibrated / brief_naturalistic
2026-05-27T08-34-25__openai_gpt_5_4__jtc__miscalibrated__confidence_focused__sequence_2__rep8.json,jtc,miscalibrated,confidence_focused,sequence_2.json,3,2,1,82,12.0,16.0,12.220201853215574,16.0,24.0,3,jtc / miscalibrated / confidence_focused
2026-05-27T08-48-45__openai_gpt_5_4__nonjtc__calibrated__process_focused__sequence_2__rep9.json,nonjtc,calibrated,process_focused,sequence_2.json,6,5,1,87,13.8,21.0,28.50263145746371,6.0,69.0,6,nonjtc / calibrated / process_focused
2026-05-27T08-31-49__openai_gpt_5_4__jtc__miscalibrated__process_focused__sequence_2__rep9.json,jtc,miscalibrated,process_focused,sequence_2.json,3,2,0,84,13.0,18.0,13.316656236958787,18.0,26.0,3,jtc / miscalibrated / process_focused
2026-05-27T08-22-57__openai_gpt_5_4__jtc__calibrated__confidence_focused__sequence_2__rep3.json,jtc,calibrated,confidence_focused,sequence_2.json,3,2,1,84,13.0,18.0,13.316656236958787,8.0,26.0,3,jtc / calibrated / confidence_focused
2026-05-27T09-07-57__openai_gpt_5_4__nonjtc__miscalibrated__confidence_focused__sequence_1__rep3.json,nonjtc,miscalibrated,confidence_focused,sequence_1.json,4,3,1,88,23.333333333333332,39.0,32.86715685908959,10.0,70.0,4,nonjtc / miscalibrated / confidence_focused
2026-05-27T08-12-56__openai_gpt_5_4__jtc__calibrated__brief_naturalistic__sequence_1__rep3.json,jtc,calibrated,brief_naturalistic,sequence_1.json,3,2,1,84,13.0,20.0,13.613718571108091,6.0,26.0,3,jtc / calibrated / brief_naturalistic
2026-05-27T08-23-14__openai_gpt_5_4__jtc__calibrated__confidence_focused__sequence_2__rep5.json,jtc,calibrated,confidence_focused,sequence_2.json,3,2,1,84,12.0,16.0,12.220201853215574,8.0,24.0,3,jtc / calibrated / confidence_focused
2026-05-27T08-41-26__openai_gpt_5_4__nonjtc__calibrated__warm_supportive__sequence_1__rep9.json,nonjtc,calibrated,warm_supportive,sequence_1.json,4,3,1,82,21.333333333333332,34.0,30.03886371574886,6.0,64.0,4,nonjtc / calibrated / warm_supportive
2026-05-27T10-01-09__openai_gpt_5_4__nonjtc__miscalibrated__confidence_focused__sequence_2__rep1.json,nonjtc,miscalibrated,confidence_focused,sequence_2.json,4,3,1,86,22.666666666666668,34.0,31.29962726082639,10.0,68.0,4,nonjtc / miscalibrated / confidence_focused
2026-05-27T10-01-35__openai_gpt_5_4__nonjtc__miscalibrated__confidence_focused__sequence_2__rep3.json,nonjtc,miscalibrated,confidence_focused,sequence_2.json,4,3,1,86,22.666666666666668,33.0,31.159535726109056,10.0,68.0,4,nonjtc / miscalibrated / confidence_focused
2026-05-27T08-26-15__openai_gpt_5_4__jtc__miscalibrated__brief_naturalistic__sequence_2__rep9.json,jtc,miscalibrated,brief_naturalistic,sequence_2.json,2,1,0,82,24.0,24.0,16.97056274847714,24.0,24.0,2,jtc / miscalibrated / brief_naturalistic
2026-05-27T08-22-48__openai_gpt_5_4__jtc__calibrated__confidence_focused__sequence_2__rep2.json,jtc,calibrated,confidence_focused,sequence_2.json,3,2,1,84,11.0,16.0,11.372481406154654,6.0,22.0,3,jtc / calibrated / confidence_focused
2026-05-27T08-27-55__openai_gpt_5_4__jtc__miscalibrated__warm_supportive__sequence_2__rep2.json,jtc,miscalibrated,warm_supportive,sequence_2.json,2,1,0,76,18.0,18.0,12.727922061357855,18.0,18.0,2,jtc / miscalibrated / warm_supportive
2026-05-27T08-12-49__openai_gpt_5_4__jtc__calibrated__brief_naturalistic__sequence_1__rep2.json,jtc,calibrated,brief_naturalistic,sequence_1.json,4,3,1,91,15.0,24.0,17.727097901235837,-6.0,39.0,4,jtc / calibrated / brief_naturalistic
2026-05-27T08-23-32__openai_gpt_5_4__jtc__calibrated__confidence_focused__sequence_2__rep7.json,jtc,calibrated,confidence_focused,sequence_2.json,3,2,1,84,11.0,16.0,11.372481406154654,6.0,22.0,3,jtc / calibrated / confidence_focused
2026-05-27T08-27-00__openai_gpt_5_4__jtc__miscalibrated__warm_supportive__sequence_1__rep5.json,jtc,miscalibrated,warm_supportive,sequence_1.json,3,2,1,89,15.5,18.0,15.56705923844749,18.0,31.0,3,jtc / miscalibrated / warm_supportive
2026-05-27T08-31-59__openai_gpt_5_4__jtc__miscalibrated__process_focused__sequence_2__rep10.json,jtc,miscalibrated,process_focused,sequence_2.json,3,2,0,84,13.0,16.0,13.114877048604,16.0,26.0,3,jtc / miscalibrated / process_focused
2026-05-27T08-20-04__openai_gpt_5_4__jtc__calibrated__process_focused__sequence_2__rep3.json,jtc,calibrated,process_focused,sequence_2.json,3,2,1,82,12.0,15.0,12.12435565298214,9.0,24.0,3,jtc / calibrated / process_focused
2026-05-27T08-21-49__openai_gpt_5_4__jtc__calibrated__confidence_focused__sequence_1__rep5.json,jtc,calibrated,confidence_focused,sequence_1.json,3,2,1,86,12.0,18.0,12.489995996796797,6.0,24.0,3,jtc / calibrated / confidence_focused
2026-05-27T09-01-12__openai_gpt_5_4__nonjtc__miscalibrated__warm_supportive__sequence_2__rep2.json,nonjtc,miscalibrated,warm_supportive,sequence_2.json,4,3,1,84,22.0,34.0,30.506829836393468,10.0,66.0,4,nonjtc / miscalibrated / warm_supportive
2026-05-27T08-36-29__openai_gpt_5_4__nonjtc__calibrated__brief_naturalistic__sequence_1__rep8.json,nonjtc,calibrated,brief_naturalistic,sequence_1.json,5,4,1,87,17.25,32.0,29.711950457686214,6.0,69.0,5,nonjtc / calibrated / brief_naturalistic
2026-05-27T09-03-48__openai_gpt_5_4__nonjtc__miscalibrated__process_focused__sequence_1__rep3.json,nonjtc,miscalibrated,process_focused,sequence_1.json,5,4,1,86,17.0,27.0,28.411265371327623,12.0,68.0,5,nonjtc / miscalibrated / process_focused
2026-05-27T08-13-31__openai_gpt_5_4__jtc__calibrated__brief_naturalistic__sequence_1__rep7.json,jtc,calibrated,brief_naturalistic,sequence_1.json,4,3,1,91,15.0,24.0,17.727097901235837,-6.0,39.0,4,jtc / calibrated / brief_naturalistic
2026-05-27T08-52-56__openai_gpt_5_4__nonjtc__calibrated__confidence_focused__sequence_2__rep5.json,nonjtc,calibrated,confidence_focused,sequence_2.json,5,4,1,84,16.5,23.0,27.13853349022382,6.0,66.0,5,nonjtc / calibrated / confidence_focused
2026-05-27T08-34-33__openai_gpt_5_4__jtc__miscalibrated__confidence_focused__sequence_2__rep9.json,jtc,miscalibrated,confidence_focused,sequence_2.json,3,2,1,84,11.0,16.0,11.372481406154654,16.0,22.0,3,jtc / miscalibrated / confidence_focused
2026-05-27T09-02-25__openai_gpt_5_4__nonjtc__miscalibrated__warm_supportive__sequence_2__rep7.json,nonjtc,miscalibrated,warm_supportive,sequence_2.json,5,4,1,84,16.5,34.0,29.14103635768639,6.0,66.0,5,nonjtc / miscalibrated / warm_supportive
2026-05-27T08-18-56__openai_gpt_5_4__jtc__calibrated__process_focused__sequence_1__rep5.json,jtc,calibrated,process_focused,sequence_1.json,3,2,1,86,14.0,22.0,14.742229591663987,6.0,28.0,3,jtc / calibrated / process_focused
2026-05-27T08-24-46__openai_gpt_5_4__jtc__miscalibrated__brief_naturalistic__sequence_1__rep6.json,jtc,miscalibrated,brief_naturalistic,sequence_1.json,3,2,1,91,14.5,16.0,14.52583904633395,16.0,29.0,3,jtc / miscalibrated / brief_naturalistic
2026-05-27T09-02-52__openai_gpt_5_4__nonjtc__miscalibrated__warm_supportive__sequence_2__rep9.json,nonjtc,miscalibrated,warm_supportive,sequence_2.json,5,4,1,86,17.0,34.0,30.44339008717656,6.0,68.0,5,nonjtc / miscalibrated / warm_supportive
2026-05-27T08-15-13__openai_gpt_5_4__jtc__calibrated__brief_naturalistic__sequence_2__rep8.json,jtc,calibrated,brief_naturalistic,sequence_2.json,3,2,1,81,11.5,19.0,12.288205727444508,4.0,23.0,3,jtc / calibrated / brief_naturalistic
2026-05-27T08-18-48__openai_gpt_5_4__jtc__calibrated__process_focused__sequence_1__rep4.json,jtc,calibrated,process_focused,sequence_1.json,3,2,1,84,13.0,23.0,14.224392195567912,3.0,26.0,3,jtc / calibrated / process_focused
2026-05-27T08-20-54__openai_gpt_5_4__jtc__calibrated__process_focused__sequence_2__rep9.json,jtc,calibrated,process_focused,sequence_2.json,3,2,1,82,12.0,18.0,12.489995996796797,6.0,24.0,3,jtc / calibrated / process_focused
2026-05-27T08-26-34__openai_gpt_5_4__jtc__miscalibrated__warm_supportive__sequence_1__rep2.json,jtc,miscalibrated,warm_supportive,sequence_1.json,2,1,1,81,19.0,19.0,13.435028842544403,19.0,19.0,2,jtc / miscalibrated / warm_supportive
2026-05-27T08-22-32__openai_gpt_5_4__jtc__calibrated__confidence_focused__sequence_1__rep10.json,jtc,calibrated,confidence_focused,sequence_1.json,3,2,1,84,13.0,20.0,13.613718571108091,6.0,26.0,3,jtc / calibrated / confidence_focused
2026-05-27T08-14-23__openai_gpt_5_4__jtc__calibrated__brief_naturalistic__sequence_2__rep3.json,jtc,calibrated,brief_naturalistic,sequence_2.json,4,3,1,86,13.333333333333334,18.0,14.877275736280932,-6.0,34.0,4,jtc / calibrated / brief_naturalistic
2026-05-27T08-29-29__openai_gpt_5_4__jtc__miscalibrated__process_focused__sequence_1__rep3.json,jtc,miscalibrated,process_focused,sequence_1.json,3,2,1,92,16.0,18.0,16.041612554021288,18.0,32.0,3,jtc / miscalibrated / process_focused
2026-05-27T09-05-01__openai_gpt_5_4__nonjtc__miscalibrated__process_focused__sequence_1__rep9.json,nonjtc,miscalibrated,process_focused,sequence_1.json,4,3,1,84,24.0,38.0,33.36165463522455,12.0,72.0,4,nonjtc / miscalibrated / process_focused
2026-05-27T08-58-29__openai_gpt_5_4__nonjtc__miscalibrated__brief_naturalistic__sequence_2__rep10.json,nonjtc,miscalibrated,brief_naturalistic,sequence_2.json,4,3,1,84,22.0,34.0,30.506829836393468,10.0,66.0,4,nonjtc / miscalibrated / brief_naturalistic
2026-05-27T10-01-22__openai_gpt_5_4__nonjtc__miscalibrated__confidence_focused__sequence_2__rep2.json,nonjtc,miscalibrated,confidence_focused,sequence_2.json,4,3,1,84,22.0,34.0,30.506829836393468,10.0,66.0,4,nonjtc / miscalibrated / confidence_focused
2026-05-27T08-31-40__openai_gpt_5_4__jtc__miscalibrated__process_focused__sequence_2__rep8.json,jtc,miscalibrated,process_focused,sequence_2.json,3,2,0,84,13.0,16.0,13.114877048604,16.0,26.0,3,jtc / miscalibrated / process_focused
2026-05-27T08-55-42__openai_gpt_5_4__nonjtc__miscalibrated__brief_naturalistic__sequence_1__rep7.json,nonjtc,miscalibrated,brief_naturalistic,sequence_1.json,4,3,1,84,22.0,34.0,30.506829836393468,10.0,66.0,4,nonjtc / miscalibrated / brief_naturalistic
2026-05-27T08-57-02__openai_gpt_5_4__nonjtc__miscalibrated__brief_naturalistic__sequence_2__rep3.json,nonjtc,miscalibrated,brief_naturalistic,sequence_2.json,5,4,1,86,17.0,30.0,29.17533204609675,10.0,68.0,5,nonjtc / miscalibrated / brief_naturalistic
2026-05-27T09-06-14__openai_gpt_5_4__nonjtc__miscalibrated__process_focused__sequence_2__rep5.json,nonjtc,miscalibrated,process_focused,sequence_2.json,4,3,1,84,22.0,32.0,30.215889859476256,10.0,66.0,4,nonjtc / miscalibrated / process_focused
2026-05-27T08-34-54__openai_gpt_5_4__nonjtc__calibrated__brief_naturalistic__sequence_1__rep1.json,nonjtc,calibrated,brief_naturalistic,sequence_1.json,4,3,1,84,22.0,34.0,30.854497241083024,6.0,66.0,4,nonjtc / calibrated / brief_naturalistic
2026-05-27T08-45-06__openai_gpt_5_4__nonjtc__calibrated__process_focused__sequence_1__rep4.json,nonjtc,calibrated,process_focused,sequence_1.json,5,4,1,82,16.0,22.0,26.17632518135424,10.0,64.0,5,nonjtc / calibrated / process_focused
2026-05-27T08-28-32__openai_gpt_5_4__jtc__miscalibrated__warm_supportive__sequence_2__rep6.json,jtc,miscalibrated,warm_supportive,sequence_2.json,3,2,0,84,13.0,18.0,13.316656236958787,18.0,26.0,3,jtc / miscalibrated / warm_supportive
2026-05-27T08-16-08__openai_gpt_5_4__jtc__calibrated__warm_supportive__sequence_1__rep5.json,jtc,calibrated,warm_supportive,sequence_1.json,3,2,1,86,14.0,22.0,14.742229591663987,6.0,28.0,3,jtc / calibrated / warm_supportive
2026-05-27T08-36-00__openai_gpt_5_4__nonjtc__calibrated__brief_naturalistic__sequence_1__rep6.json,nonjtc,calibrated,brief_naturalistic,sequence_1.json,5,4,1,86,17.0,34.0,30.44339008717656,6.0,68.0,5,nonjtc / calibrated / brief_naturalistic
2026-05-27T08-24-31__openai_gpt_5_4__jtc__miscalibrated__brief_naturalistic__sequence_1__rep4.json,jtc,miscalibrated,brief_naturalistic,sequence_1.json,3,2,1,84,31.0,36.0,31.13411847689498,36.0,62.0,3,jtc / miscalibrated / brief_naturalistic
2026-05-27T08-47-10__openai_gpt_5_4__nonjtc__calibrated__process_focused__sequence_2__rep3.json,nonjtc,calibrated,process_focused,sequence_2.json,5,4,1,86,17.0,30.0,29.17533204609675,10.0,68.0,5,nonjtc / calibrated / process_focused
2026-05-27T08-55-03__openai_gpt_5_4__nonjtc__miscalibrated__brief_naturalistic__sequence_1__rep4.json,nonjtc,miscalibrated,brief_naturalistic,sequence_1.json,5,4,1,86,17.0,28.0,28.319604517012593,10.0,68.0,5,nonjtc / miscalibrated / brief_naturalistic
2026-05-27T09-01-26__openai_gpt_5_4__nonjtc__miscalibrated__warm_supportive__sequence_2__rep3.json,nonjtc,miscalibrated,warm_supportive,sequence_2.json,5,4,1,84,16.5,30.0,28.614681546367066,10.0,66.0,5,nonjtc / miscalibrated / warm_supportive
2026-05-27T08-33-13__openai_gpt_5_4__jtc__miscalibrated__confidence_focused__sequence_1__rep9.json,jtc,miscalibrated,confidence_focused,sequence_1.json,3,2,1,90,16.0,18.0,16.041612554021288,18.0,32.0,3,jtc / miscalibrated / confidence_focused
2026-05-27T08-41-57__openai_gpt_5_4__nonjtc__calibrated__warm_supportive__sequence_2__rep1.json,nonjtc,calibrated,warm_supportive,sequence_2.json,5,4,1,86,17.0,34.0,30.44339008717656,6.0,68.0,5,nonjtc / calibrated / warm_supportive
2026-05-27T08-25-14__openai_gpt_5_4__jtc__miscalibrated__brief_naturalistic__sequence_1__rep10.json,jtc,miscalibrated,brief_naturalistic,sequence_1.json,2,1,1,84,26.0,26.0,18.384776310850235,26.0,26.0,2,jtc / miscalibrated / brief_naturalistic
2026-05-27T08-56-38__openai_gpt_5_4__nonjtc__miscalibrated__brief_naturalistic__sequence_2__rep1.json,nonjtc,miscalibrated,brief_naturalistic,sequence_2.json,5,4,1,86,17.0,30.0,29.17533204609675,10.0,68.0,5,nonjtc / miscalibrated / brief_naturalistic
2026-05-27T08-19-13__openai_gpt_5_4__jtc__calibrated__process_focused__sequence_1__rep7.json,jtc,calibrated,process_focused,sequence_1.json,3,2,1,84,13.0,22.0,14.0,4.0,26.0,3,jtc / calibrated / process_focused
2026-05-27T08-25-00__openai_gpt_5_4__jtc__miscalibrated__brief_naturalistic__sequence_1__rep8.json,jtc,miscalibrated,brief_naturalistic,sequence_1.json,2,1,1,83,25.0,25.0,17.67766952966369,25.0,25.0,2,jtc / miscalibrated / brief_naturalistic
2026-05-27T08-25-22__openai_gpt_5_4__jtc__miscalibrated__brief_naturalistic__sequence_2__rep1.json,jtc,miscalibrated,brief_naturalistic,sequence_2.json,3,2,1,83,12.5,20.0,13.228756555322953,20.0,25.0,3,jtc / miscalibrated / brief_naturalistic
2026-05-27T08-33-39__openai_gpt_5_4__jtc__miscalibrated__confidence_focused__sequence_2__rep2.json,jtc,miscalibrated,confidence_focused,sequence_2.json,3,2,1,83,12.5,14.0,12.529964086141668,14.0,25.0,3,jtc / miscalibrated / confidence_focused
2026-05-27T08-57-54__openai_gpt_5_4__nonjtc__miscalibrated__brief_naturalistic__sequence_2__rep7.json,nonjtc,miscalibrated,brief_naturalistic,sequence_2.json,5,4,1,84,16.5,30.0,28.24889378365107,10.0,66.0,5,nonjtc / miscalibrated / brief_naturalistic
2026-05-27T08-48-12__openai_gpt_5_4__nonjtc__calibrated__process_focused__sequence_2__rep7.json,nonjtc,calibrated,process_focused,sequence_2.json,5,4,1,84,16.5,34.0,29.14103635768639,6.0,66.0,5,nonjtc / calibrated / process_focused
2026-05-27T08-51-10__openai_gpt_5_4__nonjtc__calibrated__confidence_focused__sequence_1__rep9.json,nonjtc,calibrated,confidence_focused,sequence_1.json,6,5,1,90,14.4,28.0,29.926576817270632,6.0,72.0,6,nonjtc / calibrated / confidence_focused
2026-05-27T08-50-00__openai_gpt_5_4__nonjtc__calibrated__confidence_focused__sequence_1__rep4.json,nonjtc,calibrated,confidence_focused,sequence_1.json,5,4,1,84,16.5,32.0,28.705400188814647,6.0,66.0,5,nonjtc / calibrated / confidence_focused
2026-05-27T09-04-11__openai_gpt_5_4__nonjtc__miscalibrated__process_focused__sequence_1__rep5.json,nonjtc,miscalibrated,process_focused,sequence_1.json,4,3,1,83,21.666666666666668,42.0,27.982137159266443,14.0,65.0,4,nonjtc / miscalibrated / process_focused
2026-05-27T08-21-58__openai_gpt_5_4__jtc__calibrated__confidence_focused__sequence_1__rep6.json,jtc,calibrated,confidence_focused,sequence_1.json,3,2,1,84,13.0,22.0,14.0,4.0,26.0,3,jtc / calibrated / confidence_focused
2026-05-27T08-26-09__openai_gpt_5_4__jtc__miscalibrated__brief_naturalistic__sequence_2__rep8.json,jtc,miscalibrated,brief_naturalistic,sequence_2.json,2,1,0,83,22.0,22.0,15.556349186104045,22.0,22.0,2,jtc / miscalibrated / brief_naturalistic
2026-05-27T09-02-38__openai_gpt_5_4__nonjtc__miscalibrated__warm_supportive__sequence_2__rep8.json,nonjtc,miscalibrated,warm_supportive,sequence_2.json,5,4,1,86,17.0,34.0,29.711950457686214,6.0,68.0,5,nonjtc / miscalibrated / warm_supportive
2026-05-27T08-56-10__openai_gpt_5_4__nonjtc__miscalibrated__brief_naturalistic__sequence_1__rep9.json,nonjtc,miscalibrated,brief_naturalistic,sequence_1.json,5,4,1,88,17.5,32.0,29.718680993610736,10.0,70.0,5,nonjtc / miscalibrated / brief_naturalistic
2026-05-27T08-27-50__openai_gpt_5_4__jtc__miscalibrated__warm_supportive__sequence_2__rep1.json,jtc,miscalibrated,warm_supportive,sequence_2.json,3,2,0,84,13.0,14.0,13.012814197295423,14.0,26.0,3,jtc / miscalibrated / warm_supportive
2026-05-27T08-16-58__openai_gpt_5_4__jtc__calibrated__warm_supportive__sequence_2__rep1.json,jtc,calibrated,warm_supportive,sequence_2.json,3,2,1,84,13.0,16.0,13.114877048604,10.0,26.0,3,jtc / calibrated / warm_supportive
2026-05-27T08-36-15__openai_gpt_5_4__nonjtc__calibrated__brief_naturalistic__sequence_1__rep7.json,nonjtc,calibrated,brief_naturalistic,sequence_1.json,5,4,1,84,16.5,32.0,28.705400188814647,6.0,66.0,5,nonjtc / calibrated / brief_naturalistic
2026-05-27T08-17-51__openai_gpt_5_4__jtc__calibrated__warm_supportive__sequence_2__rep7.json,jtc,calibrated,warm_supportive,sequence_2.json,3,2,0,84,13.0,16.0,13.114877048604,10.0,26.0,3,jtc / calibrated / warm_supportive
2026-05-27T09-06-01__openai_gpt_5_4__nonjtc__miscalibrated__process_focused__sequence_2__rep4.json,nonjtc,miscalibrated,process_focused,sequence_2.json,5,4,1,88,17.5,28.0,29.698484809834994,12.0,70.0,5,nonjtc / miscalibrated / process_focused
2026-05-27T08-21-31__openai_gpt_5_4__jtc__calibrated__confidence_focused__sequence_1__rep3.json,jtc,calibrated,confidence_focused,sequence_1.json,3,2,1,84,13.0,20.0,13.613718571108091,6.0,26.0,3,jtc / calibrated / confidence_focused
2026-05-27T08-21-04__openai_gpt_5_4__jtc__calibrated__process_focused__sequence_2__rep10.json,jtc,calibrated,process_focused,sequence_2.json,3,2,1,83,12.5,19.0,13.051181300301263,6.0,25.0,3,jtc / calibrated / process_focused
2026-05-27T09-08-11__openai_gpt_5_4__nonjtc__miscalibrated__confidence_focused__sequence_1__rep4.json,nonjtc,miscalibrated,confidence_focused,sequence_1.json,5,4,1,86,17.0,26.0,28.192197502145874,10.0,68.0,5,nonjtc / miscalibrated / confidence_focused
2026-05-27T08-28-46__openai_gpt_5_4__jtc__miscalibrated__warm_supportive__sequence_2__rep8.json,jtc,miscalibrated,warm_supportive,sequence_2.json,3,2,1,84,13.0,14.0,13.012814197295423,14.0,26.0,3,jtc / miscalibrated / warm_supportive
2026-05-27T08-40-38__openai_gpt_5_4__nonjtc__calibrated__warm_supportive__sequence_1__rep5.json,nonjtc,calibrated,warm_supportive,sequence_1.json,5,4,1,88,17.5,30.0,30.35127674415032,6.0,70.0,5,nonjtc / calibrated / warm_supportive
2026-05-27T08-17-59__openai_gpt_5_4__jtc__calibrated__warm_supportive__sequence_2__rep8.json,jtc,calibrated,warm_supportive,sequence_2.json,3,2,1,82,12.0,18.0,12.489995996796797,6.0,24.0,3,jtc / calibrated / warm_supportive
2026-05-27T08-29-47__openai_gpt_5_4__jtc__miscalibrated__process_focused__sequence_1__rep5.json,jtc,miscalibrated,process_focused,sequence_1.json,3,2,1,88,15.0,18.0,15.0996688705415,18.0,30.0,3,jtc / miscalibrated / process_focused
2026-05-27T08-25-36__openai_gpt_5_4__jtc__miscalibrated__brief_naturalistic__sequence_2__rep3.json,jtc,miscalibrated,brief_naturalistic,sequence_2.json,3,2,1,84,13.0,18.0,13.316656236958787,18.0,26.0,3,jtc / miscalibrated / brief_naturalistic
2026-05-27T09-00-18__openai_gpt_5_4__nonjtc__miscalibrated__warm_supportive__sequence_1__rep8.json,nonjtc,miscalibrated,warm_supportive,sequence_1.json,5,4,1,86,18.5,36.0,32.3295530436163,6.0,74.0,5,nonjtc / miscalibrated / warm_supportive
2026-05-27T08-23-50__openai_gpt_5_4__jtc__calibrated__confidence_focused__sequence_2__rep9.json,jtc,calibrated,confidence_focused,sequence_2.json,3,2,1,84,13.0,18.0,13.316656236958787,8.0,26.0,3,jtc / calibrated / confidence_focused
2026-05-27T08-13-21__openai_gpt_5_4__jtc__calibrated__brief_naturalistic__sequence_1__rep6.json,jtc,calibrated,brief_naturalistic,sequence_1.json,3,2,1,84,13.0,20.0,13.613718571108091,6.0,26.0,3,jtc / calibrated / brief_naturalistic
2026-05-27T10-03-05__openai_gpt_5_4__nonjtc__miscalibrated__confidence_focused__sequence_2__rep9.json,nonjtc,miscalibrated,confidence_focused,sequence_2.json,4,3,1,85,22.333333333333332,34.0,30.901725949640202,10.0,67.0,4,nonjtc / miscalibrated / confidence_focused
